;Subject_ID;Session;Rest;ROI_1;ROI_2;ROI_3;ROI_4;ROI_5;ROI_6;ROI_7
0;3662296;1;1;-0.05376168519070372;-0.036771247725948204;-0.03868746858610436;0.02094219310823975;0.019239874645060086;-0.01618325962143426;0.12295460170201565
1;0010097;1;1;-0.07812775879638544;0.015103387051364884;0.03302141829616756;0.11492254766760027;-0.00883717305400336;0.08735852875736436;0.0377213529440407
2;0010064;1;1;0.05329532259329946;0.13567763315608788;-0.00574520025003532;0.06244086289682168;0.0017653198428848626;-0.044576364283372694;-0.04121617826136305
3;0010056;1;2;0.0033226269446651456;-0.04766418974697619;0.06698133844698786;-0.023496701055819472;0.07422257395051057;0.014774959541073211;0.031188066214396563
4;4562206;1;1;-0.10971990159588894;-0.024945108343049662;0.0487544916185835;0.09258708674507733;0.05800127394926454;0.06672771254124164;0.03822746584949837
5;0010025;1;1;-0.2197342131318772;0.0715613694655594;0.2446475973742972;0.0758220267581861;-0.07680156314965894;0.1925286709632705;0.0018631616969371411
6;0010104;1;1;-0.05227444794843581;-0.04050525814118242;-0.2241644867248004;0.0026659809951326066;0.06289346002200724;-0.07971147404384184;0.08568562489371363
7;0010017;1;2;0.021220941314979057;0.03448114855452903;0.04320224273443809;0.13861830911902145;0.011438750985044993;0.027213449783903724;-0.09774065763565087
8;1187766;1;1;0.014607946587711453;0.05325350581742168;0.01749035224708464;-0.010073054068410183;0.04806446580258401;-0.14590668931507353;-0.12990113703811504
9;0010053;1;2;0.09348682634279618;0.008491589134098736;0.07809567892804975;-0.05267831648631088;-0.07306516380995018;0.09397995710079288;-0.047860839490375416
10;0010092;1;1;0.07306924872237974;-0.010601882645394741;0.11113573707456784;-0.003105264887377756;-0.20330596133896703;0.05606363590177884;-0.17452674155487505
11;0010061;1;1;-0.11541554193066757;0.06863429548220329;0.05436535251532308;0.0925294685978185;0.04008620686133471;-0.012213525588991688;-0.038123696150765767
12;0010018;1;1;-0.13155402475980682;0.08538097849890317;-0.1582521675275589;0.019647076162057613;0.02804229806789687;0.027916393497604917;0.04328604918286363
13;1359325;1;1;-0.04160020301265507;-0.049065467861810735;0.0595075551794542;0.05674383431783403;0.05467878119545982;0.04096322741021179;0.06073030885742443
14;0010012;1;2;0.037660385140613775;-0.09609863066501888;-0.08382994083139869;0.0030331111869478502;0.0824491805317747;-0.028238520770537682;0.05673031663334018
15;0010101;1;1;-0.2584641863956059;-0.051272911964885225;0.039954437065538896;0.053310009796806945;-0.036385201767949085;0.1535408468653146;-0.0039017862960973966
16;0010020;1;1;-0.01928234789414213;0.07518891126621208;0.013264563138254437;-0.0886301234825129;0.0320300544213667;-0.004239759348265019;-0.0625167942726392
17;0010059;1;1;-0.03234001271030688;0.043658095498210876;-0.09252479070138313;-0.005932637745799655;-0.01556452432164759;-0.022809101252110872;0.04136245347637811
18;3662296;1;2;-0.02229224710764328;-0.14736080376440086;-0.145331106684523;-0.056327362592060705;0.024599323540877516;0.005146048444948765;0.13283547397834147
19;0010097;1;2;-0.08718227482266021;0.031375587192882866;0.010986746141225884;-0.005504660035085404;-0.04337461590904176;-0.029046488108569517;0.04751024563827036
20;0010056;1;1;0.05170826778220415;0.07515849200933851;0.0697511131809525;0.09070845184223447;-0.056050494629139996;-0.009109290449302887;-0.02465764794904017
21;0010025;1;2;-0.12475522247349952;0.12112890252672416;0.1272576852941402;0.09490619168699758;0.08641726167332196;-0.029939140027036047;-0.19395310143240874
22;0010104;1;2;0.10077298955728324;-0.021170894333933273;0.15914692077437273;-0.025656805376123578;0.07374514290510845;-0.20713647416161413;-0.14902324180704002
23;0010017;1;1;0.037700515148549836;-0.10188623226260222;0.033844948851345445;-0.14851440986085526;0.026809227285083774;0.02431499526422731;-0.019406360172159694
24;1187766;1;2;0.05853340315065056;-0.011973197879302813;0.08688566664398333;-0.007022866092831687;-0.06556339724200663;-0.04489036506196428;0.097327762331042
25;0010053;1;1;-0.038299271920435106;-0.04573820365898198;0.052305365592552604;0.09938948939818652;-0.011120350465815752;0.08285682578000861;0.011710311586915387
26;0010092;1;2;0.15293728082584007;0.061593219995220654;-0.022358173090688188;0.04526202039378902;-0.23990027912475362;-0.1723035648332722;0.009190389930245938
27;1359325;1;2;-0.08530485078236615;0.08455153920032235;-0.07689630945413857;0.22887944555173118;0.029290848619684912;-0.03497507352530367;-0.024401180372235726
28;0010012;1;1;0.2308561723568549;0.042337838048819874;0.20397901202564636;0.15082024360432303;0.03958942075013045;-0.03145651291725038;-0.09378382501375457
29;0010101;1;2;0.16101478991426618;-0.16567413228610667;-0.04773135919464725;-0.11986955807210818;0.013618660482277726;0.027994483982230495;-0.05539866635665584
30;0010059;1;2;-0.12778794768554014;-0.09726196176246812;0.02940117128992351;-0.10294936651299984;0.002307283668364934;0.19994654267391804;0.05436858963075134
31;0010080;1;2;0.13794088476903602;0.03116186311363081;-0.03925302097057621;0.07689306532384742;-0.018046917643842912;-0.012111877278247864;0.04625391706671262
32;0010073;1;2;-0.016646372735284836;-0.012823615829195535;0.12690717954091818;-0.09257289989340857;-0.025076243054950455;0.03571490999703225;0.08153084918211145
33;0010119;1;1;0.19258920560587833;-0.06660340173896966;-0.25977638418393245;-0.09403374636282774;0.20080415269761318;-0.021872427637771575;0.022466817536114226
34;2991307;1;1;-0.03407649655518946;-0.15488682257755784;-0.11903554528167669;-0.03232143491061583;0.0661684426799565;0.09374774948051703;0.0792241758040135
35;0010038;1;1;0.15530798719363426;0.05835582999701405;0.11472825996727287;0.015481205386582982;-0.15895446181296238;0.06226420962310963;-0.0676485689762051
36;0010041;1;1;-0.05994037211572145;0.10936775216938865;-0.12049658886920409;0.18323861127174706;0.03686744272156725;-0.1124532044442679;-0.04425984690798116
37;0010121;1;1;0.13448214495082916;-0.02310916705520567;0.1328809348554138;-0.02854511091030817;-0.07800771317850189;-0.039980066483592244;-0.11686769977099101
38;2983819;1;1;0.08659386572396538;-0.05013223958366837;0.04159558876362254;-0.033633145661532096;0.05342617097520576;0.043971004369174234;0.05416482653539661
39;1435954;1;1;0.04104412260747946;0.022800841778301037;-0.004900368936257264;0.07819862901901559;-0.05020002644742514;-0.03381074649165341;-0.0520608574984807
40;1918630;1;2;0.026141498861087804;0.09629643101722025;-0.011411517736740403;0.12963233536023047;-0.3065265786092459;0.07101437094223016;-0.041616822139479044
41;0010113;1;2;0.008892968866497448;-0.27667838751678675;0.008102426956911796;-0.17098630869257692;-0.0013544281426510656;0.0900191037733321;0.09713253188745405
42;0010079;1;1;0.07216909995021516;0.07880959977800389;0.06574224803512946;0.029980397876778378;0.0059596188962505745;0.03411047421537603;0.030156192631395663
43;5164727;1;1;-0.020421779658405186;-0.016225888171041952;-0.07187540501232934;-0.0016677518309393428;0.07206892840669697;-0.09624781971893709;0.12776595002517022
44;0010044;1;1;-0.19309863576916023;0.0045841637550964815;-0.05178544431016078;-0.04618671658585252;0.011363116303185174;-0.1007040281356039;-0.05683633467470057
45;2950672;1;2;-0.03261617696135559;-0.09149670127735313;0.049277466000279276;0.1841588525957511;-0.1343441059057339;-0.016591714366628797;-0.057796945983067616
46;0010085;1;2;-0.07295505006267952;0.17916805452178766;0.050449814573623665;0.07615387951215886;0.011440868528791953;0.11407474268944781;-0.043725254944124964
47;0010076;1;2;-0.05654212051072553;0.11088593948080927;-0.034469597019823696;0.17057682700693355;-0.014452664143304435;0.08337108425712088;0.048751078882115294
48;0010005;1;1;0.05576834283777204;0.12566934388595596;0.19179070051541;0.046299571346745616;-0.11914925381106312;0.18998082054160081;0.08521481805681068
49;1000804;1;2;0.10009814956381852;0.00964170085573917;-0.032829460440467965;0.018790834833128735;-0.10816499601782846;-0.07042719562751465;-0.19082209820699123
50;0010116;1;2;-0.005428356727545668;-0.020825505698483522;-0.04699582107223202;-0.11132887817932831;0.02119914410894342;0.014511200635926636;0.02058319318640712
51;3441455;1;2;-0.07677133730580916;-0.08471994608380899;-0.08593830117539411;-0.014662203093214816;-0.07269138289088695;-0.0046376463678922085;-0.009829090818321711
52;3653737;1;2;-0.43048809667874866;-0.2829693566064048;-0.29127215372407644;0.09997326920449366;0.08767375469065397;0.27006634905703303;0.14959657371975968
53;0010037;1;2;-0.08800430438799808;0.05981085427465372;0.040951325435092646;0.013063111594687603;-0.050782810387548234;0.0096028015951688;-0.09783892178541204
54;0010124;1;1;0.01700487547330325;-0.039960985751374654;0.012003442620748974;0.05013539215961527;0.051980262451401554;-0.009483897727798382;0.06475001113650285
55;0010073;1;1;-0.07254074237664628;0.11645478813418873;-0.07217889594729927;0.09376984479673424;0.07201878992079773;-0.006357257931295445;0.0021742198009772704
56;0010080;1;1;-0.10000787482991316;0.018499521424900998;0.010893098879205549;0.08606159317186463;0.0508753508417728;0.09903643956715073;0.03241283434982418
57;2991307;1;2;0.14607900753878647;-0.035202647234482;-0.1281291841600232;-0.08297663521611186;0.023242616270491206;-0.05732096622929606;0.04533384455958335
58;0010038;1;2;-0.16473514756963945;0.22713832189075328;-0.05131719542995984;0.17407057468739306;0.021533719651772604;0.008427754075680699;0.015223929559914582
59;2983819;1;2;0.061772219470174854;0.058626960344884176;0.019569759333329433;0.03437381434737877;0.030756280656159863;0.014162099750860217;0.008078631093166727
60;0010121;1;2;-0.014882654483317664;-0.04390132740975898;-0.0928836320200335;-0.022592557428188317;0.005535914738188125;-0.05568197774798976;0.02103324421618797
61;0010032;1;1;-0.15712492440002557;0.04521301688668706;-0.09740251965142167;-0.06294677365707095;0.021830727317663425;0.06567205771592456;0.0692099027838164
62;1995121;1;1;0.005044968039051545;-0.06898546474039044;0.043343544255721005;-0.08819941691885377;-0.00025725914472652414;0.01654411257147471;-0.04804915400067005
63;1435954;1;2;0.06071196133383929;0.07593942865822709;0.16784314057921224;0.09729828956856512;-0.12362155784600203;0.13075974887608083;-0.07476155318998219
64;1918630;1;1;0.08169609108828706;0.011016851681393105;0.004889534837126337;0.0065626911003700186;-0.061848173035522855;0.04350782312812543;0.018927149333900332
65;0010079;1;2;0.05438287596560867;-0.09207437385405139;-0.005177439900809189;-0.14786142521041487;-0.02944730820472061;-0.039039438309388094;-0.07673809215007944
66;0010113;1;1;0.10580444722968302;0.06322385073098727;0.03656904687969617;0.03965041051263535;0.03869296808938896;-0.005444800720347807;-0.007211867119344598
67;2773205;1;1;-0.10323122923740836;-0.09596124062566871;0.11720538302891118;-0.13097994440653343;0.03163596790643877;0.06437359102047707;0.08466578895325493
68;5164727;1;2;-0.060338409829994596;0.12343980997253495;0.06331915417764288;0.11648401746551625;0.011999904941169596;0.019443066483150286;-0.011954536929630794
69;0010044;1;2;-0.19076130236244881;-0.05473122785900829;-0.06515601546563739;0.08554320421292799;0.05521592783425685;0.06775836525809141;0.11621621994238017
70;2950672;1;1;0.02882224598546269;0.03908322561243283;0.006233792436709782;0.11023319932400809;-0.019517151703593288;0.04151631555360312;0.03198260621897023
71;0010076;1;1;0.21910695771610936;-0.016863364504027138;0.16101668796842053;-0.14365562451416133;0.07081423093054769;-0.09971474961027256;-0.031334480968726625
72;0010085;1;1;0.05127533094703934;-0.05620155961749266;-0.004752179685169038;-0.09260223607728138;8.784546750106441e-05;-0.011802769599857042;-0.017947861524168347
73;1000804;1;1;-0.06611503254241628;-0.006205937944190542;-0.055805592227160306;0.16796630965392603;0.06411122997954687;0.03928502240962928;0.0453421123561571
74;0010116;1;1;-0.189641343958244;-0.054992061347658196;-0.10749323937033495;-0.035376399633065055;0.06004472118042231;0.03440631051631509;0.12447158461266337
75;3441455;1;1;0.03190317119047757;-0.08343160458774247;0.010408285498452444;-0.06072852672024275;0.03265672725695507;0.01752885363789869;-0.23241330608538666
76;3653737;1;1;-0.015823702668677175;0.009251194182689215;0.0033840508002061114;0.00673719808065875;-0.02598449178724698;-0.012649141334655795;0.03405526984154205
77;0010037;1;1;-0.2913179859550136;0.08241286494011693;-0.177092205803345;0.018572669291793784;0.19630452661666914;-0.11061416921073343;0.417776514738766
78;0010124;1;2;-0.033975360197863194;0.051762172646924655;-0.12409412394384571;-0.0710399855277966;0.03235960630946623;-0.07354316088626789;0.10906197928706794
79;4154672;1;1;-0.0943334981218094;-0.12886210749249694;0.011700103102337347;-0.03499318414453232;0.08945826129484968;0.1076739649903956;0.054990283334362074
80;2730704;1;1;0.10386033281072393;0.010194165236637527;-0.24321120837659313;-0.205153982033017;-0.048382626145540376;-0.12421002044740523;0.014627867857110463
81;1497055;1;1;0.09229433539797426;-0.13396648798793478;0.005461007616478214;-0.08210334376385633;0.04204254432813249;-0.07888998579329731;-0.003648602059248952
82;0010024;1;2;0.12331068446810219;0.010465636285118126;0.08390305459436505;0.044573018874636876;-0.09638417386087753;0.007369920375909955;-0.09263011455722027
83;1875084;1;1;0.0770520682616236;-0.12841381880924863;-0.0012413235659514104;-0.04638136195336499;0.022367474524255058;0.030185213405385325;0.060684200650256453
84;8415034;1;1;0.04021049901100439;-0.07637341601369176;-0.12257982954713183;-0.07405501590653417;0.010866464057742315;-0.01364495533674387;0.023444269019856998
85;0010057;1;1;-0.0683048491263415;-0.04299696910901485;-0.0714053976947857;0.10178323644090842;0.1115666750954981;-0.037055978157206154;0.013015016893762837
86;4187857;1;1;-0.02697868911821135;-0.042214981978182006;-0.04230193281996727;0.026991617232043973;0.021918895792480592;-0.04117499431807743;-0.02661601408614246
87;0010096;1;2;-0.04304540742635439;-0.024087330999282407;-0.17302377721124335;-0.11311966087644572;0.08456818212102285;0.06027972483117868;0.14864872761577344
88;0010065;1;2;-0.09747103867679961;-0.07617858385497388;-0.018153984263528822;-0.07639520516835104;-0.043246140653168515;-0.042649723133510384;0.03486362869665577
89;3349423;1;1;-0.013160292871450919;-0.07976990645347652;-0.05387897212695694;-0.001000934693233749;0.09241284016304453;-0.06497588848152894;0.0015222894348074663
90;6568351;1;1;-0.021587425213128075;0.05222530823896401;0.04077670949904956;-0.050173289488439826;-0.015009408295732496;-0.06921608542727659;-0.05240305323493714
91;2996531;1;2;-0.06252055925176041;-0.04519847225706059;-0.07782404970764951;-0.03595688377571266;0.12079712133214507;-0.13234947358977814;-0.011006478056473121
92;0010021;1;2;-0.11016289618664621;-0.01149383666884238;-0.06520421573180998;-0.016280943582100024;0.01874373832278967;0.0014087060448231543;0.049275717540905574
93;0010058;1;2;-0.01725340960383267;-0.15706755566741668;-0.020836711972088355;-0.03072600917953264;0.06000240441329639;0.06406143549328636;0.005317614321321705
94;2107638;1;1;-0.14782961949208062;0.04292077405097266;0.05263564656708156;0.06933641324516777;0.014585304097941154;0.09111480494868884;0.07865196759654651
95;0010013;1;1;0.025481798991989275;0.03321516566790532;0.026983606860583213;-0.035672694563684715;-0.03675912796206337;0.10358624368303358;0.023681007749709753
96;4079254;1;2;-0.048562905586892115;0.0058100374742423855;-0.009931528645368538;0.007306495490895336;0.06022525530932742;0.0066950645767699215;0.006232417145619659
97;0010099;1;1;-0.04097962972338614;0.02946437089468545;0.02498817320799659;0.06971656220031038;0.14603108236204682;-0.012927382318770563;0.009378666958874465
98;9907452;1;2;-0.11346521722103572;0.07229118432308763;-0.025060649492484717;0.10869626462721112;0.09731079463997112;-0.056074620523458;-0.012253961245225826
99;0010100;1;2;-0.07883138320095534;-0.06468820852790681;-0.10286993483260184;-0.005412499570357762;0.06396219211839521;-0.07497091273230669;0.01102365357462137
100;4116166;1;2;0.09031166273844404;-0.005450264015614547;0.038568640848027885;0.05901595201989448;0.10698197248834827;0.06671894891344253;0.07978157166604799
101;3433846;1;1;0.05611030692258262;0.00393233282172682;0.016814895585183794;0.12735435463872205;-0.07987368982093351;0.042808620871411844;0.08539034789912779
102;0010093;1;2;0.174514216881535;0.01618036090334547;0.06466884001938324;0.03226538026534972;-0.021713476035142055;0.02570543677542286;-0.04614396295577094
103;0010019;1;2;-0.02063023126437036;0.051343084834620044;-0.05375393011413754;0.13640434102780682;0.07456352012312091;0.02806683588924683;0.006798675137388668
104;0010052;1;1;-0.08955985018019827;0.05549572769994115;-0.015786572685396592;0.13825674133901902;0.03855692082263456;0.017689852972988453;0.0023601423442310672
105;3845761;1;1;0.277720104033785;0.1353296410693883;-0.07033830206896086;0.012943596177509108;0.06205983803291079;0.015168431166503604;-0.03069505819660961
106;4154672;1;2;0.20301566405324475;-0.04435650568124814;0.018230946637962996;-0.12557520006016445;0.02553141248685247;-0.07023490191772605;-0.11020699737707686
107;1497055;1;2;0.005555015816746755;-0.043446771677151025;-0.0754892908398652;0.0048688748784481645;-0.031009476323828215;0.03403303046664491;0.11588195247444566
108;2730704;1;2;-0.1994750261085287;-0.20783836002820977;-0.13456189936336027;-0.05803787345055092;-0.02642554498163019;-0.11510675535678384;-0.08748241325601894
109;0010024;1;1;0.05135380512793122;-0.0059547914853939525;-0.0010656236420319432;-0.09295195077609808;-0.006056379850715748;-0.03193873918058923;0.002444864320381211
110;8415034;1;2;0.05230097130359652;0.006031041530628327;-0.06821773041423346;0.06886499223155404;-0.025285908505093317;-0.06808977358072354;-0.12561899348152428
111;4187857;1;2;-0.02983672410926346;-0.06212010490670609;-0.01648562405835671;-0.07456831504702384;0.14564731370075107;-0.0058574037347925365;0.0884029660867666
112;0010057;1;2;-0.07305493600398749;0.06780151021059706;0.07735949963362149;0.13883656379576464;-0.06396228099179437;-0.018708795849024257;-0.04881843045625377
113;0010065;1;1;-0.0010037936248908541;-0.1388465331791703;-0.044414721915905835;-0.06747919306679014;-0.013422912724795209;0.10043011388423281;0.08682142336038434
114;0010096;1;1;0.024640205476586734;-0.047253853966351456;0.06571390948982564;0.007416923440245805;-0.08630463618675646;0.028886562168976004;0.0015483235925480923
115;3349423;1;2;-0.023220510680323953;-0.024649096712659815;0.10208157936948749;0.04628361751647797;-0.035597545642467074;0.1196541909054496;-0.10016277422554914
116;6568351;1;2;0.2678689239623416;-0.14289523684451774;-0.047740442918868475;-0.15081675787148188;-0.23098848723701176;0.08387771457005916;0.09285826924420196
117;0010021;1;1;0.03961650341530681;0.001831192298879553;-0.04990875918673975;0.019032134623253344;-0.02943540667956832;0.005721901643285897;-0.03650854089241007
118;2996531;1;1;0.024778429693607523;0.059645699507077814;0.01819033588764551;0.13661679828054177;-0.14883331581258652;0.07268645757509397;-0.06317170691804778
119;2107638;1;2;0.027741677346040626;0.050641957656867985;0.11364631033456322;0.06540698957229939;-0.07338761349966247;0.1001791803274572;-0.04908602076587654
120;0010058;1;1;-0.08075642710103777;0.05809288009213286;-0.0017242268084663986;0.14740137924202118;-0.008327729715340078;0.029909470324219485;0.050947446191989404
121;0010013;1;2;0.016307170280859873;0.014030853037525456;0.18513492954957458;0.06533203739255568;-0.02572062260221419;0.1298376363199942;-0.026497151348225084
122;0010100;1;1;-0.0006541869887171344;-0.010906566409255027;0.04037113233844242;-0.028284473324911286;-0.02117614943526669;-0.019480343789100896;-0.04060118364298547
123;0010099;1;2;-0.043164958968322634;0.07328786301444748;-0.17159081669049056;0.035625431408517615;0.020295866447574206;-0.1602116223739265;0.029872751615259305
124;9907452;1;1;-0.06668687822105207;-0.0967955591319344;-0.05594029851673107;-0.08945325813415486;0.07839367760995945;0.06881444469749558;0.05822294002798566
125;4079254;1;1;-0.05581271147821245;0.06832710891594256;0.025162126211063163;0.03152820098708999;-0.11024512705831438;0.07539083446097655;-0.13002250091896658
126;4116166;1;1;0.07265835087833937;-0.12695925003479466;0.02380986462236306;0.09775154203555113;0.015331640528350088;0.047853132800801;-0.12217545801138745
127;0010060;1;1;-0.027523244034820305;0.18836126301662962;-0.06131273993382818;0.1695973849359065;-0.054532802146380274;-0.12983417442490644;-0.08574246315689411
128;3433846;1;2;-0.10160995510662109;0.01619521724067182;0.039428814189440414;0.025341538031345524;0.03181711607735049;-0.078194986950806;-0.08079320054337194
129;0010093;1;1;0.004645081525419861;-0.041605633428308864;0.09317511660046518;-0.024798123944292535;-0.02927400750507575;0.1078504152140963;0.028357114578655633
130;0010019;1;1;-0.041716747353550174;0.03666964092913678;0.05748574551857634;0.13695739601701104;-0.05255304490391863;0.10264586909762562;-0.03308675100482397
131;0010052;1;2;-0.030588335840924154;0.04960416709601823;0.008019328910478138;0.06659113315452005;0.020905245230751095;0.060546954554143224;0.003317732385435912
132;3845761;1;2;0.2222188417927643;0.09794491314922227;0.12243359721976012;0.12089378558990287;-0.1368592381567624;-0.014701904668109013;-0.001401910720714185
133;0010078;1;2;-0.009332548432621005;0.006715265104637189;-0.14364109868506458;0.08368973556438127;0.055588658932665624;0.0474729896901163;0.054545089285510315
134;0010112;1;1;-0.027354808496852363;-0.08127825660821285;-0.04327568908192944;0.03059747668618093;0.04593002744813349;-0.0029395837207707763;0.07404348020847044
135;0010001;1;2;-0.0013413446797332245;-0.11178622896868216;-0.028214768764125632;-0.018952414107174936;-0.031922481668657916;-0.034901946448396434;0.042205819005243644
136;0010120;1;2;0.047209591311408124;0.10688636343382246;0.061289421020230016;0.0948471967435663;0.020531951483789616;-0.11273238675828126;-0.013402099331364799
137;1854959;1;2;0.023162815643630433;0.178247112109182;0.03842553056927738;0.16886170838450448;-0.057366271914759466;0.02174670049253225;0.03533398457998409
138;0010033;1;1;-0.04190450019511447;-0.025524363280476532;0.003415056029975047;0.018054712614876282;-0.086303128371383;0.016056245386891554;-0.06856704878419945
139;0010039;1;2;-0.13144576953242454;0.016950207169628105;-0.010141274614134345;0.024806955925642908;0.00691412467996638;-0.029315726897104204;-0.017823633214164736
140;0010040;1;2;-0.08967225781111732;-0.08884456969197108;0.12336796352042129;0.021481933443917557;-0.144864193337766;0.08647769656821765;-0.15626520424341148
141;1700637;1;1;0.1548960688960436;0.0561861529485606;0.04030639483708422;0.08469319325514157;-0.022632675026440858;-0.0010282941289046941;-0.122976242640902
142;0010081;1;1;0.03201619769832002;0.02161682972181581;-0.11876333072146984;0.012296504885016279;-0.036218857704989456;-0.01830043875760276;0.13469699079873446
143;0010118;1;2;0.3941435661435554;0.006824865222501214;-0.18651095013898492;-0.05550595190560804;0.06122044896104231;-0.1062022366804351;0.12014691891043681
144;0010072;1;1;0.048838850353956034;0.000267069336424258;0.0861233486316218;0.03972003759989333;0.04452008743815895;-0.03495888113923757;-0.09849875458602324
145;0010036;1;1;-0.011210775272850436;-0.09420364658546218;0.005504606995287706;0.008670368303978895;-0.03407673913648078;-0.029374824236301764;-0.04910899039669191
146;0010125;1;2;0.0033469984726438697;0.07361919946393967;-0.014809884232662081;0.017107210459031092;0.04528083640933221;-0.018626247385849698;0.03741700907625203
147;0010004;1;2;-0.05179961766690637;0.05372962130672583;-0.177778071440148;-0.057399598393965204;0.09999041831392957;-0.1501656948688521;0.03845641696527086
148;2821683;1;1;-0.14652246111325587;-0.02368208844900468;0.1184110934619645;-0.01603258474061401;0.059359145428067535;0.0406024220959087;0.14786996826391596
149;8915162;1;2;-0.06591910973010258;0.007656284442907357;-0.08477117791889034;0.0850262036596048;-0.0001373710759379316;-0.07719030612601255;0.057961783112241656
150;0010117;1;1;0.05848330060868446;-0.018757973201165956;-0.022522574398093815;-0.024850009823106495;-0.020430732975125494;-0.059177165419508855;-0.07008452493173184
151;0010084;1;1;-0.042155414335020604;0.03381341888260031;0.02204160566639907;0.06434540307091785;-0.028407305045427225;0.04461614814614111;0.12403966313834643
152;0010077;1;1;-0.11903093210399208;-0.1002592522461242;0.015779841162823653;0.029254796229578755;-0.13477344522070708;0.0004343499207014189;-0.04283182973571266
153;0010045;1;2;-0.06744457718933411;0.10747753577227255;0.007726535604784238;0.020943334684388977;-0.03859474129100112;-0.02159861939010456;0.0368239561577136
154;1992284;1;1;0.057509415163216095;-0.046110008408223865;0.14738667338975805;-0.09753889380234708;-0.16371646184520955;0.12187599276849553;-0.011245394636852878
155;0010112;1;2;-0.034141826248868405;-0.06332599844066893;-0.09339570711944171;-0.10373818610093886;0.11219977421842618;-0.16794426628311201;0.11076385891935214
156;0010078;1;1;-0.05608067526704161;-0.012725909264144727;-0.0026000228522754295;-0.025279668043409743;0.07322704744049435;-0.01959566896409054;0.09329786565525573
157;0010001;1;1;-0.026932084606188133;0.008825341621036256;-0.1022261415925851;0.04288853719830013;-0.0498119257736775;-0.039953204582176736;-0.07871641443548531
158;0010120;1;1;0.051109886690200806;0.030103280091908702;-0.035172388487817875;-0.03396879750905006;0.011050101831079122;-0.08918213946738322;-0.030582546071342316
159;1854959;1;1;-0.08681347851696815;0.05979872796789285;0.004710970988077361;0.0841041499425132;0.0247552989208485;-0.05376157232026198;-0.0789183492208142
160;0010033;1;2;-0.09509269651769438;-0.2088302048040095;-0.13527613455451962;-0.04544440269913276;0.13828745230537734;0.11346788845756259;-0.0004169171704927783
161;0010039;1;1;-0.04837082813217282;0.0213242759180172;0.03760232110546103;0.12935992697082868;0.07054399814807766;0.026158095461279025;-0.0004820738162429629
162;0010040;1;1;0.010258912821370873;0.07369714245985744;-0.12214288235012688;0.14645934198897506;0.07283549138092688;0.07988933271861905;0.08580811783807527
163;1700637;1;2;0.11921921043537712;-0.026834759895446227;0.0659579160419345;0.032779967459642415;0.002007051942720116;0.016285897592567045;-0.056987109213677715
164;0010118;1;1;0.03893659234649249;0.0012171486712026355;0.05490002368972572;0.008073474586347542;-0.07643342890494642;0.07768939411063427;-0.009274900368382534
165;0010081;1;2;0.029768531716847835;0.003293562236931071;-0.11889093428382695;0.02718820986084172;-0.04264313722218236;-0.008446580462252863;0.004072407758146894
166;0010125;1;1;0.07683536980157728;-0.16962558717188406;0.03544014734004466;-0.0716786863454984;0.03452428978091442;-0.028894681038195893;0.13007605117771553
167;8915162;1;1;-0.07605675270968403;-0.2071067428109518;-0.04280700247626606;-0.1107001899149;0.10964315425373022;0.1434239610982433;0.11961282261772
168;2821683;1;2;-0.23343926983754204;-0.2014725862200221;-0.15079165249912158;-0.08249895242375017;0.03979799367959435;0.08094331461593711;0.0070540767108951295
169;0010004;1;1;0.017154298502634245;-0.1313495635779661;-0.017120311501930142;-0.0976890449172075;0.0512378151566836;0.06427223800072625;0.06270240311940196
170;0010117;1;2;-0.05216084906008664;-0.1299357543532948;-0.32647393919491813;0.034703039915260414;0.04303923350092856;-0.05232760635343787;0.08950596538080281
171;0010077;1;2;-0.05327468257117313;-0.08301768230938371;0.08343802170010928;-0.20640834243325462;0.4071676843835669;0.11175283920684993;0.20163064043756204
172;0010084;1;2;0.03110879810998473;0.006989670764873087;0.023419928660980756;0.09212258933596923;-0.1110937592205986;0.12026829658764056;-0.021446735546679252
173;0010045;1;1;-0.13638540281913444;0.09292444024242355;0.053186337813970475;0.11872702942335894;0.022787345056616816;0.005269178751433022;-0.09647598803006063
174;1517240;1;1;0.013051640429199526;0.1266377207718692;0.054766847339162344;0.07110908876292149;-0.03558650350754039;-0.0417244430956916;-0.0039960497661346165
175;1992284;1;2;-0.0982399164691006;-0.19765944845543273;0.06411570815424769;-0.02600505074276161;0.10817166545388772;0.11108700657380877;0.021509321546137605
176;4060823;1;2;-0.28435570980590275;0.06140960915129893;-0.252867783949678;0.1632828753208563;-0.04134049324451354;-0.030208773832330456;0.0021986263945803766
177;1511464;1;1;-0.030699094280379213;0.011892341644095632;-0.04186271311241818;-0.06968174786346311;-0.18326821155621764;-0.07449839605446683;-0.053232851710968
178;0010035;1;2;0.21511148878049666;0.15775775449289406;0.15832486042949367;-0.0412411368909697;0.006549450346413053;-0.12478768133023925;-0.05843105546456843
179;8834383;1;2;0.05443872965338345;-0.06423420597029464;0.08832076670853277;0.006187990136102385;-0.044516519356643254;0.14179454418646179;0.070141261860163
180;0010126;1;1;-0.11820547845867262;0.13755921776753244;-0.028525253689945348;0.07041300161327736;-0.100452197367616;0.0232746762903845;-0.08621940847159455
181;0010007;1;1;0.047648202931273885;-0.004432410329891365;0.1001344946238048;0.03956487794673659;0.007708808826201131;0.07234484983321685;-0.03772868698036619
182;0010114;1;2;0.003190567911668626;0.06968496548806045;0.05836313603283185;0.042741738865604596;-0.024136169706655396;-0.011887591741769381;-0.050696728281089294
183;1023964;1;2;0.15433139454480885;0.06963852250137535;1.2211311485624627;-0.40694946472858146;-1.4575281734717314;-0.17604357180948876;-1.4626527244581469
184;0010087;1;2;0.05718217993675334;-0.09807986450238439;-0.0811544156800899;-0.043458289280448203;-0.014369931157775823;-0.04712952534284728;0.01280038590951223
185;0010046;1;1;-0.026051850612461038;0.011836323090553614;-0.02137726706412301;0.003420541407408507;0.03234167538104644;-0.03203310049490952;-0.04234805585877075
186;0010088;1;1;0.012501357990270263;-0.0923164390495667;0.08632415901172621;-0.03160988952309796;-0.010407609001492069;0.05223199259142244;-0.04258550846808621
187;0010002;1;1;-0.042457572191139166;0.026188471901528874;-0.04592678720348947;0.021044443652300685;-0.03431751924424314;0.029271453263449505;0.042299695087910524
188;3457975;1;1;0.14595919906732105;0.0863723733655062;0.10953549306266532;0.02988658595173605;0.05720183463167856;-0.02214330549136865;0.02105787332847959
189;0010123;1;1;-0.019327627179997798;0.09469720969635971;-0.032350131058263336;0.04514662065267145;0.02171053372809666;-0.10353409788355254;0.043571576704417275
190;3679455;1;2;-0.014037629860348401;-0.18380345968242953;0.0059166277628073345;-0.03809993802399338;0.06440417708814772;0.14445313664343346;0.05919112322893623
191;0010030;1;2;0.18510984941530506;-0.10167081760859349;-0.021381532124907142;-0.14007886936897318;-0.20168961540033062;-0.008100323011570104;-0.07426403737700386
192;8697774;1;2;-0.06339086833792396;0.2077725391278947;0.09701561188382632;0.06567693927179531;-0.06616159258970508;0.041154492999993506;0.0016211812104404187
193;5971050;1;1;0.14698942883862035;-0.040251329736008944;0.08612878304099002;0.07472181322388431;0.10714630420409674;0.06152127341114544;-0.009265409993174652
194;0010043;1;1;0.013362503654677066;-0.06055052860207989;-0.11915445794065274;0.011898515996375808;-0.001866213511427869;0.06087453233446693;0.09479637075052999
195;0010129;1;2;0.015223111689169814;-0.02146864616880024;0.031161713341371848;-0.013839974690162519;-0.010237490447990388;-0.020668169904371585;0.007931509421900487
196;0010008;1;2;-0.00913195589961816;-0.008942787867706943;0.05312095090021542;-0.060702716060861424;-0.04120384024590109;0.01680889010575259;-0.011336173935463996
197;0010071;1;2;0.0545168819225655;0.04307420417334173;0.15322141822172144;0.029032341504569785;0.038601595461309215;0.06580480355209407;0.021908401787795125
198;0010082;1;2;-0.06959606715425001;-0.026234584898014106;0.1024270532842356;0.013208659571812331;-0.08731825170688869;0.09292411377377452;0.022160110897890346
199;4164316;1;1;-0.0059808796624550836;-0.1588332829932532;-0.04474645294541191;-0.0566365959323306;0.043154386413951806;-0.04601305810276463;0.06582112058512254
200;4060823;1;1;0.09633568521033571;-0.009832653501221122;0.026099361960445735;0.01918270162082552;-0.071353408186498;0.011602479759392355;-0.0019342586080264086
201;0010035;1;1;0.0509405309181154;0.07043471435207427;0.03074421748977993;0.01913887209583888;-0.05278887456286145;-0.01410433737116632;-0.04524722871543185
202;1511464;1;2;-0.08990960058894996;0.0035698705918071226;-0.04744368171373879;0.01658101623029448;0.020261663393554362;0.034006043507901186;-0.009339139942260698
203;8834383;1;1;-0.09485706699596934;0.03091592633332285;-0.09406179660306846;-0.08053564523944316;0.023169844915861645;-0.051656707933286784;0.12399440658214518
204;0010007;1;2;-0.004663302920819108;0.10495375022983718;-0.06917663978560858;0.16643494099302408;0.15273677796586657;0.01631126452821322;0.17872924908710427
205;0010114;1;1;0.02962914049702739;-0.05233228653934822;-0.012792286658481023;-0.025906267652684684;-0.0059458796635688165;-0.002059632957265511;-0.020108213472581075
206;3619797;1;1;-0.04131510047202852;0.06842583144582065;0.16727130551269312;0.01761686231928272;-0.07314843812031138;-0.055307770106769315;-0.1243626924817786
207;1023964;1;1;-0.06375246859723059;0.05271483858224002;-0.013446379560395669;-0.02077179905909869;0.09843344869652705;-0.02574036418939846;0.02194418353738427
208;0010087;1;1;0.04385897725646619;-0.10095786042575204;0.19128671624859528;0.021696369797991884;-0.14068743697029146;0.13455028509622927;-0.12273754580169403
209;0010074;1;1;0.010362766749942144;0.039752684605595424;0.03056376835197884;-0.09256610748709122;-0.11303237302548144;-0.0828012278256664;-0.045569039394074085
210;0010046;1;2;-0.15945592376199394;0.03320097787061606;0.08361136070322353;-0.09004134367517047;-0.3253149883714172;-0.018502761879823977;-0.09128378598042568
211;0010088;1;2;-0.1421863340524265;-0.07301633699311097;-0.055782793359035195;0.012591112141095987;-0.03670191820451704;0.056397121293828456;-0.01356824091817745
212;0010111;1;1;0.18762291619776558;0.4166600616804845;0.3975991405813111;0.15389162225866113;-2.048740398854222;-0.5003951660713358;-0.7278453552759298
213;0010002;1;2;0.003168921151758773;0.10298883138711451;0.05272426388398074;0.25708794285515346;-0.08360755747713049;0.060498076435943834;-0.1468085779645771
214;0010049;1;1;-0.04423642059476806;-0.048085793472497085;-0.055773761405667005;0.11091695810956217;-0.0017009285709004421;0.004559035259333184;-0.004363486680102534
215;0010123;1;2;-0.08826553298308921;-0.03975522373936163;0.04371886336246963;0.004992378840702937;-0.07312713263610088;0.03560784538544038;-0.08493091843953363
216;3457975;1;2;-0.061786761360855674;-0.03863614532187941;0.07205440616377169;-0.07606813708104733;-0.06300845451702411;-0.08434179062511532;-0.1437476649487463
217;0010030;1;1;0.2213823314736561;-0.03534170030502012;0.16258418083118972;-0.158420045573141;0.03174918478624578;-0.018545963272155644;-0.03397685158101909
218;3679455;1;1;-0.03235660416282165;0.0312923870397276;-0.06822787662882647;-0.10507256681204531;0.13869453330837817;-0.22999958019233321;-0.14806896066907807
219;8697774;1;1;0.01489963024173944;0.05713595185963073;0.021791934310682427;0.02022092118834062;0.024158550694971453;0.019417123695305898;-0.029066312299107815
220;5971050;1;2;-0.003268316654810095;0.039732914574758554;0.035868950143418225;0.008661647416715362;-0.0973006119974059;0.055117113372718296;0.06726622096124812
221;0010129;1;1;-0.003638375039636697;0.051796559939575645;0.0024026401358702683;0.020602251058329614;-0.050398028871033215;0.034916821566799115;-0.1905193027787617
222;0010043;1;2;0.07608377289084332;0.1516535997760533;-0.016691484571088204;-0.06956312653151385;-0.010485019852289003;-0.08760925197445428;-0.13652542438887108
223;0010008;1;1;0.14308742505465386;0.017538478856684466;0.10768967899450047;0.039552138593744075;0.007434290517736666;-0.04449016516980829;-0.08644688916607103
224;0010082;1;1;0.12378767220210518;-0.1108155581160205;-0.022392083242576914;0.03747322857702626;0.10920903891568257;0.0493007241594021;0.07399795032597661
225;0010071;1;1;0.11474238303978423;-0.08441140589359772;0.0621489590453403;0.02343843231878716;0.03334461549856954;0.045141873955874455;0.06071639024485356
226;0010022;1;1;-0.08442251778358473;0.04937589124307952;0.05087832957927046;0.02851579398209941;0.03257440911095511;-0.06299822192059575;0.005676087073797748
227;1208795;1;1;0.044550606502129025;0.003917136214760076;0.051360441830660776;0.07059564524203671;-0.09973471477769072;0.053852948298520886;-0.05898418526152808
228;9750701;1;1;0.23501636253354968;-0.23033442535526613;-0.03213605347877869;-0.31573647758274476;0.028855832803119517;0.07007303201691299;0.15649416934189206
229;2260910;1;2;0.04388099103774388;0.03940270753854731;-0.07307484802410211;-0.10088373252411999;-0.03113967955435711;0.017242092326492632;-0.05415993149124571
230;0010010;1;2;0.09982931066599662;0.026929027659518306;0.07749462782144251;0.28742659438731166;0.024328408110207596;0.09693848046244165;-0.0011676025565042364
231;0010069;1;2;-0.09275090681499353;-0.04628518244283256;0.002128821357480075;-0.08865830637884063;0.00958474205563139;0.0784112786311678;-0.017383177076107665
232;0010103;1;1;-0.1412656935188545;-0.3412870628527627;-0.428129085100528;-0.04433977765999874;0.3484743903694844;0.06155255196220668;0.2757310171354196
233;0010109;1;2;0.018986332118775165;-0.03274153416511055;0.05895323799208733;0.07392156992976655;-0.049401270987470144;0.06637537143775893;-0.10412319774900851
234;6206397;1;1;0.10369598364093088;-0.030484832987388338;-0.012721549051429585;-0.017485293172711934;0.11646578560615573;-0.02978868424913206;0.02369921527394291
235;0010063;1;1;-0.031052222853676165;0.006230016716364051;-0.04164535224882273;0.0455330924824464;0.006511138939833832;-0.027090423343660745;0.027552981022261273
236;0010090;1;1;-0.008778512704463889;0.13750742202379027;0.03465907738917065;0.10623771897809271;0.00812946102808757;-0.0694274786250354;-0.0059064881353981784
237;1737393;1;2;0.046424913112912115;-0.08264186138765517;0.029445071872170794;-0.07212685680311896;-0.0022488419781094265;0.03418576931325674;-0.018790252214721997
238;0010051;1;2;0.07692030587097141;-0.007107470676617764;0.05865924119278465;-0.0045597065687456965;-0.004310264262700325;-0.000840716404173514;-0.05262255257601981
239;0010028;1;2;-0.018995288333330043;-0.05860789245758931;0.02969003305557531;-0.09132338904050535;-0.030345252035267806;0.037318896542335014;0.01052479686518379
240;0010106;1;1;-0.09622498604676963;0.28054274476640906;0.14070009654964047;0.25860990804586;-0.08782442933987944;0.06960331317679451;-0.031119318437348983
241;0010015;1;2;0.15358821019717522;-0.45302022652100504;-0.26620396539934477;-0.4367833948995927;-0.008558249080146997;-0.058351731429685035;-0.036688123057356206
242;0010054;1;2;0.11094330749147725;0.12607357813131315;0.06414012377749419;0.07799255770610271;0.030801569910557512;0.023388377089518478;0.04991696128630048
243;2136051;1;2;-0.12462929097670493;0.253956895843968;-0.07774504867396721;0.07789786065843377;-0.07938266214010446;-0.19873810649858362;-0.03733836166091
244;2297413;1;1;0.08491132767953619;0.035269178347914834;-0.02454367653737256;0.1062822291058772;-0.11185901686199924;0.11767837722118075;-0.1710562376990071
245;2230510;1;2;0.0004217784746069467;0.03010776660609328;0.16060800849129814;0.07276737715376086;0.17279726562824804;-0.14889369240900793;-0.04478986600339693
246;0010066;1;1;-0.23114617131437473;0.037164972018547626;-0.08661545812216186;-0.09504656016876627;0.052363450537698704;-0.00557398724766319;0.3141827322190897
247;0010095;1;1;-0.10028233810716153;-0.09907778073774308;-0.11599872623418957;0.060335201567323186;0.17047663207376562;-0.03456085181256898;0.05029112116716242
248;0010022;1;2;0.6297461799357397;0.08985176638312811;0.3251433867616104;0.008390698949445316;-0.47089963755509406;0.14091512514529062;0.04890598171256229
249;1208795;1;2;-0.03576308642819388;0.1279799195866065;-0.08010525427791391;0.15776942372335992;0.05047684663420559;0.04676374634353933;0.014639229448156517
250;9750701;1;2;-0.016456467882030586;-0.11302117380651579;0.037706198686968354;-0.1446360854874365;-0.03913592687763693;-0.02245956049533885;0.02797095101781028
251;3174224;1;1;-0.0012102011289141024;-0.008281824197837268;-0.011014284485834663;0.10032980701246902;-0.011843455844738539;0.0034839938769768357;0.040858380182298065
252;2260910;1;1;-0.10949556607877979;-0.01664402541768833;0.00958635261665586;-0.06333773898023158;-0.08292364952610193;-0.02968786251663487;0.04137177177580184
253;0010010;1;1;-0.10009253378811199;0.07841837136582404;-0.1631841388095373;-0.1286803212374695;0.049691254389742;-0.15705276569389132;0.04837691803069045
254;0010069;1;1;0.13855311494144018;0.1245039836987748;0.16855300669276993;0.05406547034168974;-0.004251412769014959;0.07597863590453888;-0.03948761577585917
255;0010090;1;2;-0.044486551928564724;0.027091453376361502;0.010756366925175937;0.06220629239485499;-0.04323762423361741;0.06480851518160936;0.003609210168516299
256;0010063;1;2;0.03730243599082522;-0.2220873495990002;-0.1956258506496581;-0.0574045657256577;0.054685104538690334;-0.041769469452146955;0.10093558831064812
257;6206397;1;2;-0.002526008104516838;-0.06113934028192846;0.02634097388102942;-0.11946608127703465;-0.15598242775744953;0.014369908806205386;-0.1023560633136817
258;0010109;1;1;-0.07978923463227759;-0.10778675530305167;0.03798733039253344;0.03737455232502893;0.08885766660976195;0.08558397879613618;-0.036200725944741365
259;1737393;1;1;-0.0389690123396822;-0.06258557193801612;-0.0480329626921892;-0.005838740675829892;0.07113056517175231;0.03845774784059943;0.023365023794665346
260;0010051;1;1;-0.03396220407732863;0.13576898544967145;-0.07861120843068133;0.0407721941405664;0.1938030141981851;-0.1054047315794992;0.14035272643166696
261;0010028;1;1;0.09276802998056158;-0.09131665312257554;0.0224639592136097;-0.03986156767668017;0.060587065570599036;-0.07098266033130611;-0.10446969684994276
262;0010106;1;2;0.009674660794815413;-0.23318564710132472;-0.13663129765447715;-0.2643753015751548;0.47696333525735135;-0.12572809311530703;0.03182832559840753
263;3542588;1;2;0.07486067405938102;0.20770878341883753;-0.04534568212866434;0.10983820122610244;-0.026401867537464783;-0.06828268790740746;-0.12448312433299598
264;0010015;1;1;-0.14679553953496782;-0.09471342910085745;0.0020057758033020763;-0.08611637433126217;0.18335882980719279;0.006951002715715896;0.13184424547485943
265;3999344;1;1;-0.004042704446510473;0.04631049939418702;0.07176426660249485;0.07299697314766448;0.062331794344245885;-0.00895852847513646;-0.031061432450592286
266;2136051;1;1;0.11381172653101292;0.1687572192403883;0.015843971656578703;0.1293223170632572;-0.10206250632141375;0.03486580285311034;0.029782544395522647
267;4095229;1;1;0.11844618815405332;0.06755676768064928;-0.15733367451774563;-0.02842289530214888;0.10582623854764657;-0.04788857282857885;0.019559911175233657
268;0010054;1;1;-0.08866338874944986;0.04918777652852026;0.045112017011143535;0.13820872539542287;-0.005363348970962104;0.12147633380765002;-0.05793971204369632
269;4827048;1;1;-0.12136114245421847;0.0590806799376564;-0.039257581218505616;0.045805307015162965;-0.050197899292851816;0.006952622365846497;0.00934830932835223
270;2230510;1;1;0.09500565313943755;0.004267571797469896;0.062017803106542;0.010526385969095645;-0.08501330672280773;0.03741006122501075;-0.0348653864277502
271;0010095;1;2;0.16581988666478312;-0.1986335933451832;-0.05052371890741979;-0.0068781826515927425;-0.13387719453112684;0.04975401291277032;-0.16568389879595935
272;0010066;1;2;-0.30826644920183205;-0.11217779913445387;-0.17518245514912206;-0.021294449898783138;0.21839555490247356;0.02472949212029541;0.24516624667577352
273;3011311;1;1;-0.028751475055931904;-0.041489758447666364;0.06446358063429536;-0.04621486566078807;-0.017506845966229923;-0.009213617674968163;-0.005062147438989785
274;9578663;1;1;-0.035800645652587615;0.011805320574699903;0.06439640115751147;-0.05319518183592973;0.003416242867963542;-0.033396847884882265;0.018422049909254407
275;3243657;1;2;0.11643407754595418;-0.016805991460126245;0.0742819395065059;0.042564464260026226;-0.09593702268656804;0.018415072590702544;-0.08371057069038587
276;1740607;1;2;-0.016055570050830754;-0.029456295544455453;-0.006213531638641181;0.15279646122611412;0.03561198001934057;-0.06958332664367171;-0.05606219404988966
277;0010075;1;1;-0.011199797368607423;0.03890592723961514;0.07237061387460039;-0.08424891838795623;0.033881052880862156;-0.0009911560933454154;0.057183344253114554
278;0010086;1;1;0.11138726141057537;0.07797537644729827;-0.09666779045520005;0.04806873490513652;0.0017063093274861938;-0.18753400547082547;-0.13713865779550624
279;9326955;1;1;-0.08597128163795124;-0.08048348678751752;0.05066437352797438;-0.004321181043686916;-0.01910793127786697;0.040713507717385675;0.05986691657031207
280;2570769;1;1;-0.07126885556515332;0.005414932346954445;-0.07251512553226876;0.06565037944892621;0.05832739146773451;0.02723849502873321;-0.025860755116898487
281;1884448;1;2;0.03167049779206214;-0.03916900464112095;-0.09086023300537192;0.0761801309993243;-0.00723591507896921;-0.027991901156702866;0.03180698433610787
282;2735617;1;1;0.1228996300688464;0.005647131298945078;0.02545387208259306;-0.09143216933091466;0.013539121605160288;-0.09141500064981305;0.08622237137164965
283;2497695;1;1;-0.0055397361223149194;0.0031266120890731143;-0.033711670632533206;-0.12624115011953754;-0.034968883445234716;-0.11504465462698414;-0.11907588880924812
284;0010115;1;1;-0.046890657702354996;-0.06735843126572034;0.027685574356952035;0.02632540874182702;0.08461344972855048;0.028074540893608068;-0.021556739763127643
285;4084645;1;2;-0.19224297249175495;-0.033661439036271903;-0.09504130728234733;-0.019824435766786927;0.03130470835651175;-0.020007863258062284;-0.005961891952405285
286;0010034;1;1;-0.0007907662561986461;-0.03240930677986091;-0.005450957893945183;-0.019891564697108035;0.02026272651339231;-0.014116224033345282;-0.07459172611860057
287;2682736;1;1;-0.07375663522944041;0.010728152691921613;-0.08447526448229649;0.04407321494239765;0.05961049722894185;0.04460036097421005;0.10756338231501882
288;2854839;1;2;-0.02285356366625469;0.026112724607616933;-0.021038228928418657;0.07470899297793482;-0.08918098678148097;0.09969174845056473;-0.037807673597303804
289;3650634;1;1;-0.006553784701663832;-0.002554950433602174;0.07349332364108241;0.016421343188197726;-0.007048288403475086;0.06137311456731881;-0.008850998216486099
290;0010009;1;1;-0.03452184609971116;-0.14061867623780475;0.040531779504006576;-0.08943872318652987;-0.008410140977017573;0.13041786661528243;0.08637196709292663
291;0010070;1;1;-0.04833370007442255;0.05582157158326541;0.00639213023676128;0.013571816675918474;-0.017257485008537014;0.046925593546791225;0.02593692264344269
292;0010083;1;1;-0.0848449584490338;0.012357134325131169;-0.012445064428335791;-0.05494969033427394;-0.016371683745307754;0.06224360525328298;0.002474052019487455
293;0010128;1;1;-0.09421086208814312;-0.03593767924439117;-0.028897658796174806;0.024987793891457763;0.03500233913306811;-0.034076038395511696;0.024138578680814447
294;2741068;1;1;0.03207074500729736;-0.010943932162676636;0.0485085036409126;-0.048729386452282863;0.034670833692537276;-0.040991318603564385;-0.04706010586949632
295;3235580;1;1;-0.2273326592517263;0.06517002518435111;-0.08734965436054151;0.11961529638153826;-0.008033170069717314;-0.0007446464897430835;0.05633665520092298
296;0010048;1;1;0.054049113966075424;0.11748709711698495;0.10540159820612746;0.07737093084842948;-0.02724909591335113;-0.005298732893248016;-0.1870096711112743
297;0010122;1;2;-0.033144868727795526;0.041872482859648834;0.09867655339648582;0.07467469017987612;-0.0748278196127973;-0.0019001960529548354;-0.1036293991529217
298;0010031;1;1;0.09446896813546439;0.009613023521962225;0.05852105824204914;-0.0020529448946056544;0.007941747777475383;0.13170014370760902;0.06054235272802539
299;0010110;1;1;-0.08981598161794312;-0.055343109620389165;-0.00033115799413507586;-0.05940686135640674;-0.11063233831925058;0.08226755741164031;0.02187125706093692
300;0010089;1;2;-0.09380359177586656;-0.025911047834647722;-0.019552134916969468;0.03533488626390214;-0.019893038982726367;0.04870394438969282;0.07014345900484992
301;3518345;1;1;0.1351830812869221;0.10239045025614472;0.08737735108497026;0.08437447466653634;-0.0334590867395435;0.07236840228433752;-0.0702975987538479
302;1099481;1;2;0.12726868497969848;0.15999109952777532;0.028626940936554657;0.15031251963027467;0.097193076011265;-0.06908074448113198;-0.07619508672638525
303;1780174;1;1;-0.18784255950294426;0.07668763217258819;-0.09695459714352801;0.06663676686861705;0.11436929234346865;0.01840171341694444;0.13028054582839407
304;1567356;1;2;-0.046316805564217606;0.1062073756169009;-0.3261123593722114;0.038122233202521436;-0.003378197489376206;-0.1674636427186669;0.18365097541221517
305;3011311;1;2;0.04062178190709535;0.044156829476338734;-0.06930654356518488;-0.10333816795967533;0.059475408750788585;-0.12403143973527722;0.06809302939835908
306;9578663;1;2;-0.013755808875939282;0.012095684622085602;0.13873896237911074;0.052507111099943896;-0.0971801300892616;0.10359058443336833;-0.13341943970268724
307;0010047;1;1;-0.10026623742901303;0.09999689226996103;0.09536395306134521;-0.004904993828249132;-0.08239035562127552;0.21135456190390764;0.056366023193242513
308;0010086;1;2;0.031653559074224784;0.035057191245092136;0.1836188392858501;0.108574058738035;-0.03795793263633439;-0.00940377397102775;-0.1226999434905206
309;9326955;1;2;-0.31875578748580546;0.05869746055826246;0.033393905271028326;-0.052185319835603906;-0.004864997838475866;0.08851566658162065;0.04281706206044122
310;0010075;1;2;-0.14673253356774135;0.02234388036485938;0.042610852264627935;0.03512690337623293;0.006556222595244618;0.020743308548795022;-0.14973843984051297
311;1740607;1;1;-0.15837388805730443;-0.08417436811670788;-0.18808324093042364;0.13307018403448184;-0.024631398001723606;0.09713660184936822;0.014156453789467513
312;3243657;1;1;0.10559881693591988;-0.08184147454206409;-0.04997226510895156;0.025135370159740756;0.16804247597281563;-0.07183226044234692;0.12131553067916476
313;1884448;1;1;0.035501852874556705;0.0007434789165875897;0.04714759344958375;-0.019170030752011673;-0.059463377373229036;0.02713092807240473;-0.06386577380704582
314;2570769;1;2;-0.06640424809734295;-0.02199071739596492;-0.058700234052023875;-0.09505106776707396;-0.017569653806640103;-0.01344091207260454;0.12857883216270705
315;2735617;1;2;-0.029541614912648503;-0.1409628084452576;0.13717966477093196;-0.13173257224987464;-0.002673512875926113;0.06457610463664551;-0.04025954834486645
316;2497695;1;2;0.08367328963415575;-0.01367025238617528;0.02779591691488045;-0.03598792187701792;-0.05300680520568121;-0.02055914271300744;-0.04647150514022527
317;0010006;1;1;0.16543283318292865;-0.05276834258108614;0.0355670112162206;-0.10251009890639594;-0.055238119359817935;0.03442483267539386;-0.11331603208772524
318;0010115;1;2;0.016082368486552475;0.03342090068416738;0.07729309122846464;0.019790164546690362;-0.05368429243109479;0.07731162929735015;0.03676562269049057
319;4084645;1;1;0.058384530573457286;-0.08256485444898382;-0.01760305668132139;-0.08692655153735941;-0.09116838067015087;-0.012983537783230647;-0.08171642696579262
320;0010034;1;2;-0.02174225790260357;0.06262471318443996;0.021962637284205666;0.013925012527153162;-0.012629974959937843;0.008981253319017913;0.015756316982351578
321;2682736;1;2;0.03874884314079703;-0.10071582618801309;-0.04097260371639933;0.10113376301982491;0.007328210034911809;0.0775398389369352;0.01032765430758851
322;2854839;1;1;-0.14676288909221094;-0.004464398040229677;0.06448909560668602;0.08755195960703993;0.023670450917033375;0.0930232036810938;-0.05840078524439288
323;0010009;1;2;0.05403237521475686;-0.06595626032961704;-0.049511507918327674;-0.03019275220097613;0.015060523843826633;0.029082601778471703;0.0388935631433456
324;3650634;1;2;0.12075304839025396;-0.1121078708009424;0.027382431181898124;-0.1215332896580119;-0.050661884827178816;0.00699263917548416;-0.05077915148111646
325;0010083;1;2;-0.038789966086139493;0.021334617235697458;-0.07077412754290374;-0.046042233902031125;-0.010653570167401028;-0.01643376764059428;0.059764032550312214
326;0010070;1;2;-0.11532440880950877;0.07461945175850515;-0.046596436082600674;0.1515930083720995;-0.057973982877185117;0.0048479575699418905;-0.010781362495737683
327;0010042;1;1;0.1225803532691393;-0.07365286987296497;0.01743414675604649;-0.0014278941216628184;0.02869768528926493;0.04003176069434677;-0.0006255463612494152
328;2741068;1;2;-0.043976314579378416;0.14235320056402642;-0.03527915252239022;-0.030578203182621243;0.12970782205384587;-0.1706334978983167;-0.24769908730542953
329;3235580;1;2;0.02078627973129354;0.1040920341272105;0.08915262770615257;0.07833215280854032;-0.04896923001404526;0.17167565754016884;-0.01766426213883615
330;0010048;1;2;-0.2481126903252741;0.13256425243642764;-0.04994254119399163;0.09170242111797856;0.09792216557595292;0.15043276019471152;0.16055023411348063
331;0010089;1;1;-0.12977704022267292;-0.025445617142375306;-0.12304397799913112;-0.01057767274091854;0.0066151722641480774;0.023309239771563264;0.09582803051176475
332;0010110;1;2;-0.026993875664128954;-0.04265646240860477;0.04334759076470013;-0.04854161504712165;-0.045523050121319165;-0.031622491650921715;0.002121770080072902
333;3518345;1;2;-0.16660219590653916;-0.11106205430944026;-0.30591699082916435;0.11752951078154188;0.02267969480859977;0.2748428713155564;0.19869933996442155
334;0010003;1;1;0.19368794475277842;-0.07618968492241782;0.2357751969865718;-0.13175032410050033;-0.2051811553175305;0.17834212147174572;-0.023017308213895582
335;1567356;1;1;-0.06923833114132631;0.038474815984348855;0.021584043620246882;-0.04515683687246535;-0.03227462399234984;0.012641502962405737;-0.061588682501341536
336;1099481;1;1;0.045573620803049324;-0.12078117661015764;0.04269728793138915;-0.16887785496005278;0.013773843407944334;-0.01047953896554046;-0.030185378615973386
337;1780174;1;2;0.06162157396178153;0.016454045722291158;0.10501046446563644;-0.03957415627935124;-0.06798815781617332;0.04622619777946055;-0.08567478136921927
338;2306976;1;2;-0.0036246546421490086;0.1905761532095308;0.1332276824510682;0.041628379346479866;0.15712797667158393;0.042813893965310205;0.05590828306001781
339;0010050;1;1;-0.07035853367252567;0.010229529510023955;0.005183588955784113;0.10925269129001938;0.023369447755990064;0.03796765946463692;0.010561906087018683
340;0010029;1;1;-0.03361735031554954;-0.048620899700228606;-0.01694259969421096;-0.008684047511624963;0.0658006508735629;-0.00858991654964502;0.013499742638790752
341;8009688;1;2;-0.032619063673020234;-0.0023840528007658224;0.03708805090124152;0.031128479558788523;-0.0030876331486220368;0.08687932064751618;0.0694635425232343
342;3163200;1;2;0.08921508771444003;-0.011273874191323068;-0.0058516939836875176;0.05894865893391127;0.003365881308609271;-0.03522759328967599;0.060471599547749784
343;1471736;1;2;-0.1808364529621183;-0.12760915997955613;0.016797374969185777;0.06883493965815807;-0.0726874953432131;0.10203243756698774;-0.08264959382299243
344;8692452;1;1;0.02477252992066862;0.06562439672302763;0.09090192357396953;0.073006770948432;-0.04485767861666349;-0.06993810890848987;-0.06294541741796562
345;0010062;1;2;-0.028556712228283265;-0.021057743564751805;-0.10058747850572104;-0.022006813820867034;0.08916358921385159;-0.007627716151262547;-0.0019181076398182427
346;0010108;1;1;0.0694513328952467;-0.052005800636226424;0.08246863672035745;-0.05008123791001496;-0.010618349463748213;0.04514697904498825;-0.013212102999215075
347;0010091;1;2;-0.01214037461973735;0.15653986366231454;0.07150393467486017;0.062266730226391016;-0.013268025125202218;0.011263247182387288;0.04203084769392884
348;2907383;1;2;0.036797885295646676;0.1772814353888312;0.10179815969888453;-0.04602788467069976;-0.0037261513502058166;0.03782838092269796;0.11177978020005418
349;0010011;1;1;0.061704047675568904;-0.042564250414722386;-0.02176954151113845;0.04865024107418303;-0.04455851142545154;0.15930266942067317;0.04373280728011561
350;0010102;1;2;0.00417254869279047;0.015838017373333735;-0.021204004758500507;-0.026767221845102083;-0.054831326943270316;-0.04480108948132606;0.020755715753821045
351;0010068;1;1;-0.10343697202888963;0.032669692436665586;-0.03760923026106258;0.1740834506981985;-0.031828398231466125;0.038095011785412865;0.010025972637034525
352;0010023;1;2;-0.026882567688818994;0.0875662737796409;-0.013347185795441748;0.08733928030642506;-0.057004324580437804;0.057354793593321206;0.00907542668459894
353;1320247;1;2;0.03234805964792046;0.052806441096082776;-0.09265615097269245;0.04964604863914436;0.0533325553438572;-0.05498279173962947;0.021153781276758783
354;0010067;1;2;-0.05853798247565887;-0.028355784010064777;0.02559145718379516;-0.08701465827694986;0.06167515932006616;-0.022955322382918093;-0.013220786934036204
355;0010094;1;2;0.35044730229142;0.13467581851205557;-0.04887127284254684;-0.03804445782858751;0.0014976710229446903;-0.08459190246172762;0.04449203295131323
356;1934623;1;2;-0.08640232702600831;-0.15895292283098156;0.11686064671766239;-0.09817953947797065;0.024622472485054392;0.06070305787512133;0.12428373662711303
357;2030383;1;1;0.009835538881825598;-0.1891103161991109;0.010043911230411862;-0.08063518273397448;0.04619566685361739;-0.051040930820361215;-0.09314673937277937
358;3601861;1;2;-0.0508772147744725;0.1034292964477634;0.061497297653502585;0.11884369227046486;0.06495554568917004;-0.04037176690934982;-0.045288842559515895
359;0010026;1;2;0.02412889970899147;-0.053950303522988075;0.036284225224759895;-0.03772624386679914;-0.009159528862315497;-0.04164349189607443;-0.02347199404261122
360;3349205;1;2;-0.07980075491492818;0.12311059090903302;-0.05380888879804188;0.028623396091470656;-0.1422937684813923;0.15656367050217396;-0.0022044912254514646
361;0010107;1;2;0.010489855661240423;0.02212956129597813;-0.048455655891083464;0.06651094877151296;0.05761244143495816;-0.017865071369509728;-0.062477438767713965
362;2054438;1;1;0.14749176960086288;-0.046376988875555934;-0.2508277797065261;0.00010733590295381673;0.09597948001818156;-0.0757720046338608;0.09342367515436115
363;0010014;1;1;0.41580588284960956;-0.2708214773693356;-0.057521336800983945;0.06962982449537686;-1.2696945223103988;-0.04900417529766927;-0.21018389652486377
364;1127915;1;2;0.06908042296079007;0.05990045118266291;0.02061911929756836;-0.017448680831351326;0.0302981192215655;-0.16697070596518404;0.005812622855031217
365;0010050;1;2;0.12138426494617097;0.038156894600306336;0.0033324610905844563;0.13340130490796787;0.04983983959208244;0.040262950838701524;0.07869919169766766
366;2306976;1;1;-0.10074821702334906;0.032452665204359375;0.10725634491063342;0.06373158411523858;-0.04259438993945865;0.10474063287352034;0.017993334715831696
367;0010029;1;2;-0.22776344710273932;0.04059887485182283;-0.09110296874980803;0.10029366188787746;0.02589247326242542;-0.047869499235959755;-0.010201281969841216
368;3163200;1;1;0.026041437754068853;-0.03231107455004254;-0.009123646333849818;0.026194311532387705;-0.016085447004775048;0.0038050355220249437;-0.008419369618297019
369;8009688;1;1;0.09896124545446264;0.08147183488188504;0.007116923308425421;0.10866443443126034;0.024987555826931032;-0.07966731332339567;-0.21924726748981643
370;1471736;1;1;0.031053449282012452;-0.12271740029901501;-0.061919932527381275;-0.11342223090023643;-0.034615306788775155;-0.06424584410719975;0.0199029805027669
371;0010091;1;1;0.13095195179963953;-0.1444501078820206;0.10859953540758237;-0.1868053990660952;-0.16408842076780816;-0.15118650623841748;-0.14374541353154696
372;0010108;1;2;0.026388952258818356;-0.1211960371755269;0.03027006671103748;-0.0925234030182863;0.04721637608894793;-0.04223205736364896;-0.009389958655083418
373;0010062;1;1;-0.04858454696798005;0.012664409232275405;0.0005488037824481339;0.0271132707321487;-0.02927685277572103;0.01872904168097374;0.02530486756160149
374;8692452;1;2;-0.08146027499828595;0.0020055408420884217;-0.1049075571972984;0.013183083092402004;-0.0002776279305397307;-0.11791439408449203;0.12669380386438747
375;2907383;1;1;-0.06169077953448941;0.10921231138184766;0.186148856289362;0.12067070654374085;-0.11579236139742888;0.11672997425561621;0.058905701207821744
376;0010011;1;2;-0.07744845025589242;-0.06201790075967994;-0.05591400754877379;0.042101474908889575;-0.06621738239294346;0.039818173460339834;0.11926738713847537
377;0010068;1;2;0.044625183312802054;0.008223367337665547;-0.1239004772494681;-0.03234110716306619;0.11163189461632606;-0.012505148482173623;0.004492466661370046
378;0010102;1;1;-0.02089551964253793;0.03015851504867179;0.02926861000490307;0.024845938262412784;-0.028190285069205567;0.021657825103461027;-0.07363036586637801
379;1057962;1;1;0.008625537590537736;0.09411682473586026;-0.020710842360130193;0.15213712658725714;-0.1094015243775163;0.04238120312886781;-0.02714059727247341
380;1283494;1;1;-0.10551079979729999;0.06306991510884176;-0.1155135010387402;0.07959173354684874;0.009438683706436269;0.039546239052061956;0.12897388350182476
381;0010023;1;1;-0.05224911157633159;-0.02068591134419027;0.07575832756931113;0.10507894649974299;-0.02451025822342471;0.02022072377557221;-0.0009064386215111792
382;1320247;1;1;0.048920248532775934;0.0005610000596436892;-0.013887764542279432;-0.029043452663452162;-0.0007303995811698274;0.11557686344416729;0.04324703045743828
383;0010094;1;1;0.18274188332803176;-0.05535291799374429;0.04799124408226355;-0.01718370629168092;-0.07557029352878981;0.06180182280087164;0.04553433806087724
384;0010067;1;1;-0.10746916099782906;-0.12339685570177673;-0.264890618655757;0.009685186343005116;-0.056310984001913;-0.0385660418674633;0.017677740418532935
385;1934623;1;1;-0.055665305713720276;-0.03652251545915501;0.07789762048858244;-0.03223355899351974;0.006501151447157839;0.03403606279656357;0.011299146089318235
386;2030383;1;2;0.14084175907726407;-0.18002448379719227;0.02307201530635399;-0.09732665449541852;0.04236587637779855;0.03124726354247864;0.015614008371278253
387;0010026;1;1;-0.1350286888870994;0.12177966904154791;-0.10981056288406703;-0.005386215561930656;-0.0022096133089141525;0.033109762088672154;0.03645507539149172
388;3601861;1;1;0.010629320606444437;0.027015794883673904;0.029367234409329417;0.05143550609127327;0.017036508451406914;-0.08722304840559472;-0.07941933657061533
389;3349205;1;1;0.08267482225524983;-0.04041992002793461;0.006809959501384239;0.07805912726497144;0.02579075110600934;0.03371537019910524;0.11769491566697617
390;2054438;1;2;-0.263807360208723;-0.0735783689476923;-0.019148269083737735;-0.13347445905232963;0.08400198543347523;0.05681603999782631;0.2607477628570716
391;0010107;1;1;0.03201166026012979;0.03940599919914805;-0.020015574638876134;0.036720535479764706;-0.014490852514055194;-0.006500158933939636;-0.03579677782004714
392;1127915;1;1;0.04534160293011172;0.012546622067535483;-0.015826450142241103;-0.01007630876851756;-0.026545597879784544;-0.02069689272374718;-0.0729988299719905
393;0010014;1;2;0.22991306713842755;-0.07977923935827265;-0.015334703720352836;-0.20110997588987284;0.29753086905395515;-0.18763256541399895;0.06971717977019394
