;ROI_1;ROI_2;ROI_3;ROI_4;ROI_5;ROI_6;ROI_7;ROI_8;ROI_9;ROI_10;ROI_11;ROI_12;ROI_13;ROI_14;ROI_15;ROI_16;ROI_17
1;0.008329425941674252;-0.09991677581923013;0.02063008523414896;-0.020294922153772287;0.013242034014611048;-0.005785933143157324;-0.02372073625142575;0.007460952735454201;-0.06589039316898783;0.03689345504967686;0.08271950376960649;0.07527870927910633;0.03794395080516893;-0.0007155927144431929;-0.007977009668096835;0.07663892623808259;-0.0001573632442943608
2;0.008157717481642944;-0.0984794381259161;0.0032219940265642392;0.050882517222520206;-0.013185853322122182;-0.05245938014370753;-0.009317960915781121;-0.0041735255835060586;-0.09892883631871785;0.03825029640200286;0.20412535934866127;0.1861224159621037;0.07873251766505975;0.03612868707683806;0.04078541989993823;0.054916570651972973;-0.025304893298455564
3;0.015069048040886261;0.02556431481322591;-5.231592223164212e-05;0.08247591779076188;-0.03023539814748583;-0.04683597629203531;0.0032682559329905376;-0.09366501539990535;-0.025499957872352427;0.08281411940991557;0.21129349090415633;0.19513853485430918;0.03733400543770974;0.06243243921175835;0.044232974357392145;-0.006596885156908164;-0.07439463813535635
4;0.014022524617183842;0.15162566393682997;0.0029010214013429985;-0.0026281617241813416;-0.009940838416446253;0.012136715002646058;-0.015441078373440555;-0.18702130511682188;0.10881144678498436;0.14288697340740847;0.08487118713136738;0.05339845139916851;-0.06491624488521514;0.03347603444213325;0.02344708887035986;-0.03357259202845416;-0.10283379658525228
5;-0.007764208703246489;0.13903424040165988;-0.004890799201406894;-0.16393854194233745;0.02052429020979866;0.05357035061685057;-0.07040891761369363;-0.1712360604073684;0.17646569094851577;0.14209633967264815;-0.06294902617629115;-0.1410839572671607;-0.1262703624829926;-0.057682333385393775;0.060385722086786095;0.026567606269571383;-0.08306759845163246
6;-0.03574498167783146;-0.02159321713561836;-0.0218907483880371;-0.2723217595687514;0.014796200329091957;0.019481736068010038;-0.12280635811990238;-0.015800694740486426;0.1000207135610968;0.03957245134606245;-0.1085870272452142;-0.23921612905893053;-0.07071572090121934;-0.16176061625366397;0.17525641156934682;0.1203909121178404;-0.035864851649546364
7;-0.03432732263460214;-0.20393522513547116;-0.02570922644739625;-0.2446002632939382;-0.0221217539232957;-0.05804814720627101;-0.1190960373427468;0.1799543264883946;-0.05591559341374649;-0.11067886917271097;-0.054796544719411235;-0.19377906693268118;0.06402950902388542;-0.21064651841178966;0.2594024278555818;0.12991043757419368;0.00012631894314494275
8;0.011419928200644117;-0.28365261610862524;0.0009667348801057849;-0.12421344182980419;-0.032338138565267995;-0.08843908387769572;-0.04065426672828106;0.2752896083474824;-0.14551131744075402;-0.2014246353762806;-0.02688913601545085;-0.0949519899502582;0.16213763841504453;-0.17786087947587662;0.17642265214060393;0.006548644594292735;0.019848097480006755
9;0.06462964397342158;-0.24961860977794742;0.04763720285750268;-0.014820589205396112;0.012913857515367251;-0.030010329413559824;0.07779027656520723;0.22216116642004544;-0.09659605665187379;-0.17388181396914013;-0.12702871291062162;-0.055165956489365946;0.15436438485858395;-0.10024493368607253;-0.06876156676005592;-0.16328798755567325;0.05419223844890018
10;0.0623094335789695;-0.17090910177592009;0.08147116685826503;0.04311158762617473;0.05762159850235551;0.05819638171897765;0.17797409313652982;0.10333211118219301;0.012807108875720435;-0.0690265821242579;-0.30919719949531516;-0.08640165490978781;0.08942756511424693;-0.0374963046182759;-0.2997995838912031;-0.24954769040431266;0.11761109646159079
11;-0.01749495769392946;-0.0887702376514381;0.07367382394265985;0.09813609044338914;0.023505455057357887;0.08612320042077093;0.22292888235824754;0.040542446314909726;0.04433501711103808;0.020074146702385005;-0.4160319006650654;-0.10964710343220484;0.06636195404375318;-0.013040019966952065;-0.3329142675580062;-0.22129348171451144;0.17065375197014393
12;-0.11820707336970757;0.017771004855108654;0.022134745223238224;0.1948013927706051;-0.07387907694260268;0.03909809144870967;0.21387298111579614;0.07745478676467907;-0.04614712460128332;0.03270315492062437;-0.3375108125246745;-0.06719840608272784;0.10469895880286455;-3.4188939190660826e-06;-0.1573029568819655;-0.1662341353519171;0.1527849883702288
13;-0.1469150707161102;0.16189008245600406;-0.045098501268958105;0.29311999941477407;-0.11229492001715757;-0.010243949698860354;0.17151999918392005;0.15531727404788462;-0.16383265286027482;-0.02514322150522832;-0.11808025400876204;0.009516823140034283;0.10856168827639653;0.03519268610781606;0.06926821877297042;-0.16513297712132566;0.052036118186983456
14;-0.06263754628685253;0.2889704591087624;-0.0861554213024197;0.3064547893106094;0.002376833202873062;0.0022479415646730577;0.1100102551120032;0.18700797825688814;-0.18511356674066476;-0.10783522194449194;0.09809171698155837;0.05175294854220759;-0.022612736603672863;0.08499864601321235;0.19309824780056667;-0.18427166809015408;-0.07225047855291976
15;0.07783966222417167;0.3201572005473564;-0.07417275249190704;0.20340196292911564;0.20278629650461266;0.05012920906480233;0.03161340352429355;0.13775446691675294;-0.0905547327775765;-0.16566364557460003;0.21274524341928785;0.044471666293491065;-0.25693319705656864;0.10656926535308048;0.19977792435636887;-0.1267946504878151;-0.14405780648415076
16;0.1664832906126331;0.24435219276269232;-0.022315144647703563;0.04138903879213465;0.30215508967246213;0.05173302632694927;-0.057509810139028755;0.03905934309713214;0.02774005954497568;-0.1584616790065522;0.24724439027188125;0.03798659626115796;-0.4287558685450628;0.07547082346782542;0.1733568592483453;0.02257798710189645;-0.14240391199552932
17;0.1393521185637149;0.13444722297603323;0.019503015808434155;-0.09978151580786823;0.18781836687644635;-0.020444309967318792;-0.13254721104295347;-0.05191532492379794;0.077875966545381;-0.0696715671469434;0.27580712570742766;0.0756538465248517;-0.3910552864466514;0.022555971991552976;0.16370887500020448;0.15068341760437765;-0.11249840012009649
18;0.028876727084761737;0.06552568137385743;0.005761901433224865;-0.18533500827863347;-0.047256983838248605;-0.09283603168740286;-0.15596936101084657;-0.09334289976023609;0.058874399619362576;0.06567310627971916;0.31234104562780707;0.13887393514886792;-0.16660939524155535;0.005569097397258259;0.13908517924953484;0.13708731722910533;-0.11111931316667567
19;-0.07244994131460175;0.04266234702963203;-0.056860486210843775;-0.2130034702534103;-0.1912552810904311;-0.0674981763227006;-0.10392587197806545;-0.07598609305734941;0.03310509560172092;0.15975235353884343;0.28902239504148153;0.17554732710888432;0.06330539483940963;0.04305032898618569;0.06372507619649762;-0.0025377872400029586;-0.1512272798722258
20;-0.09464013491779406;0.026991324628465523;-0.10828353677257763;-0.16900703832703728;-0.12765717463971818;0.06543458803775067;0.006713243937289756;-0.02685885883927501;0.03526888214780103;0.13619183537626464;0.14841215046225675;0.16424794149719668;0.12458458365496973;0.08662525437336714;-0.026919112043907224;-0.12989529790177926;-0.20000571189371497
21;-0.03964863337429424;0.011097828242287899;-0.09358632224577794;-0.045665794519283605;0.05854477724386915;0.20885917835261666;0.11591175708266069;-2.7380002605303518e-05;0.039838077747739654;0.014145008431366854;-0.0641687254095;0.12984265277037452;0.0027499350979157777;0.06911806879293605;-0.05987929909336244;-0.1390054425064804;-0.21879581625737865
22;0.03764243720558981;0.02998886501829458;-0.023225845187921826;0.09563849309098778;0.1882968150951507;0.25217979054231526;0.15313655561541598;-0.040167663281160594;0.01723352981853964;-0.08937929753804293;-0.22059180077253623;0.10293565209938255;-0.16378419772813382;-0.020068329173623712;-0.013419172488843245;-0.06261480582887555;-0.1960089506414008
23;0.08316445805687851;0.09023523957424352;0.03713300648341047;0.132529397900955;0.17194183515799688;0.1710171368919877;0.08691109090916388;-0.1334127476023707;-0.010980296535322944;-0.06751476930589571;-0.2254172638427938;0.08740974585028552;-0.22522717789511698;-0.11622431591098832;0.06345009300461286;-0.006441882110919544;-0.14657192774129496
24;0.07672003799474267;0.12252116247153574;0.04199391431836583;0.0012725926999106565;0.06396042757849585;0.03160707014042638;-0.047560545866542445;-0.20072686233654408;0.001059575301798314;0.06401836593006321;-0.10317488292135578;0.0722276168276535;-0.14376588988571096;-0.14162577891768138;0.11751361319630037;-0.00591283301404754;-0.09012956362289036
25;0.02584127794616584;0.039886727023649496;0.01795974884790716;-0.20116890858193834;-0.04218461880119299;-0.08667450647739737;-0.16965574626711197;-0.1648562247995889;0.052092946540229355;0.1797371136344419;0.03307917435880402;0.0515663438257364;0.01056666309075817;-0.08279999465088206;0.13976890622683094;0.009837468700493585;-0.030633046693486512
26;-0.05358859263891487;-0.1576366988461196;0.02484688422283291;-0.2842606693169324;-0.12360240086026936;-0.15494366114106442;-0.20913530816258716;-0.0353768744415078;0.08090783942581492;0.17521627180598387;0.09296460866988453;0.01419204143508137;0.1528236846017133;0.0016648173219802511;0.13057747723105628;0.10855037902079391;0.04989460369832732
27;-0.1406970668965141;-0.3614493793512214;0.07179912814222092;-0.1591800647549805;-0.2107442257268724;-0.18592813311587691;-0.14959192072929076;0.08650295533168029;0.0390487139126742;0.06908548772840029;0.0815064740385621;-0.07174145331770149;0.24684469284626395;0.049945278658131115;0.05181757615896589;0.2489124023467739;0.17568653058613234
28;-0.20074195010323878;-0.44805156432195803;0.09891032048635398;0.05729410117570565;-0.29432334383183145;-0.18789117617946652;-0.0254551954594243;0.10515750362153493;-0.041285819235462644;-0.03620429872095788;0.06705066810630056;-0.22885297515266972;0.2864079423885096;0.063046317823828;-0.13695416801911356;0.3154762888573561;0.3401550044153998
29;-0.19180108633181453;-0.3821407420627643;0.05697286204318854;0.16825770350144909;-0.30313002855101884;-0.1499525321679155;0.11423748073409103;0.0297890072860747;-0.07601790694708649;-0.07627323278486194;0.09361712725506313;-0.41402449493470483;0.2525031182852991;0.09248841807936885;-0.39040186798530135;0.24730805291514682;0.47629737503721625
30;-0.09851463856686286;-0.22182675132934587;-0.014141876417242658;0.11963377236477628;-0.1928660682824329;-0.0721362818003638;0.23267889242817577;-0.03970751463153782;-0.025927067877254573;-0.07709974823099765;0.13676761505530954;-0.5169581642035176;0.1248576698011341;0.16550447358610265;-0.5687821872364447;0.09988377414281145;0.48310071611505967
31;0.03531622077541235;-0.04565746394270455;-0.02017973695576486;0.05812240366597813;-0.027414653236659346;0.009583312694739539;0.30189071297692366;-0.029388945387938313;0.056234355502401696;-0.0860598613807983;0.1410085749466086;-0.44640919429243303;-0.061673803356348235;0.23792706432903765;-0.5535097053969353;-0.02489075449123809;0.3154745553255649
32;0.11933742352243339;0.09723020179070664;0.0680241248025333;0.1470859592413761;0.06599878500650179;0.045506460338370275;0.2921927726573078;0.02442429381013542;0.08757159981488073;-0.09035962155599499;0.0843098578607161;-0.22211718927199461;-0.20088490631325961;0.23461276244000487;-0.36370712486437967;-0.08013125883467928;0.06051388972306473
33;0.08359258137006782;0.17475915604021977;0.15953386782540718;0.35322225495162757;0.028116740857199497;0.02176491657974098;0.18615912719564995;0.02439849072816323;0.05142127142075608;-0.03977953146073646;-0.004570135427086623;0.035161926622159126;-0.18743050387775292;0.13511307316106896;-0.1335260009484946;-0.08684882027515163;-0.101872506359832
34;-0.05035828726896779;0.1590283838486861;0.13744822994254438;0.4598681606950268;-0.06721279237140823;-0.02049773629147812;0.009362131873506943;-0.06278862013802543;0.011921962821535856;0.06119642993347522;-0.08584759341114165;0.2100340329346293;-0.017468088218723664;0.006094555622415241;0.020871722618365004;-0.07153949645132021;-0.05323034584448627
35;-0.1667353793488614;0.06256939018752936;0.0007995966576296462;0.30085983151257134;-0.0923308478844492;-0.023268775221534064;-0.1647493612427985;-0.15687230931699453;0.03134819986014081;0.13031947474321123;-0.14959793859942705;0.27589678176619853;0.19074240023693143;-0.061178295200155594;0.08304104616999834;-0.03426007191976537;0.1364869357023946
36;-0.1430835977058136;-0.029420934899446412;-0.1214727607502554;-0.047641868393651504;0.00022137080280795667;0.028867288815279866;-0.2579608253521274;-0.15222276360514397;0.09194978694861655;0.10130824700361263;-0.20898698326637022;0.27080803698599204;0.2898421482911004;-0.04293179975855904;0.08747559779174807;0.01493396675610234;0.2576507083928839
37;0.03820767116254212;-0.013064607355712438;-0.113970200570316;-0.3304961052368194;0.13669103199953223;0.08978440715633333;-0.24388803872029852;-0.04081068093428629;0.11508805056351634;0.015487053444605308;-0.26067119951124723;0.22044909062522755;0.2252164885615013;-0.0038711883025543035;0.04207975303316513;0.028919159299872568;0.1606989637317562
38;0.2594376648963793;0.12255122228385268;-0.009140669331695083;-0.3576506176058707;0.20885898739665992;0.09645269072643545;-0.16136669618633942;0.07438713864911435;0.052158203582392794;-0.019794962289961825;-0.2676847995453058;0.12116237857066031;0.06988993819862997;-0.023986824697982825;-0.05201284286417897;-0.028006139339904253;-0.0927627038666428
39;0.359671938401135;0.26054159353741047;0.051659650684194834;-0.16778065185236324;0.182490803021966;0.0351687511988964;-0.07266772292038082;0.08880006013671868;-0.05928658035462513;0.034728004965323904;-0.19172784089541908;-0.0033546695974208765;-0.0540575226836604;-0.11149015591321332;-0.12359173016125459;-0.11336555023639729;-0.29222056764270243
40;0.2735442238641481;0.26787195526777874;-0.014403018808244173;0.03839063785641258;0.11332360695747502;-0.03908292765567293;-0.014849662084988224;0.00015229705698375167;-0.13353065195290906;0.09632197041013227;-0.041556879596958134;-0.07442397993575968;-0.08268778033978805;-0.19579635281293747;-0.049722476871795214;-0.12942146820216888;-0.2914609014342144
41;0.08666622497521874;0.14283224050612187;-0.13913938619319377;0.093368804136292;0.07200711054995969;-0.05606273896717154;0.0057079461179606545;-0.10512851818725044;-0.1200330214000783;0.06574305742650352;0.11705128709751185;-0.02760559266884052;-0.043893303140562535;-0.20508385605605395;0.20257084959851346;-0.032498804639314996;-0.1437500285015105
42;-0.04769803299706351;0.021787542431342784;-0.19549190338653796;-0.016857956743526272;0.07341202205210358;-0.006698634189195912;-0.015350509053410951;-0.1509327780814227;-0.04338163127319179;-0.03826464626618377;0.2045422660269939;0.09853879806296097;-0.0013684618111951196;-0.14187820187103578;0.48580686829698905;0.10336357991026941;-0.02071363213711764
43;-0.049188033973562244;0.023873354624974297;-0.1527780415826798;-0.1876704279340951;0.08099117940592637;0.04011573690801037;-0.09007691162615496;-0.13380272974026408;0.0287462041132361;-0.09562315100696306;0.18479062671385127;0.18268904859391935;0.017020840287211944;-0.0764023019973566;0.5884961902853442;0.16058777652138817;-0.021705339514842027
44;0.030586019945106447;0.11191053955425502;-0.0978534153154866;-0.3014397416969272;0.06355192061835323;0.008628631685913164;-0.20607379340420048;-0.09121611607112783;0.043892993761534625;-0.0426590828236438;0.08616045853220167;0.14853247419348123;0.030391730744114304;-0.06908183706924241;0.45720420353969643;0.10904233069625796;-0.09256573484039389
45;0.08223569415993723;0.13924098750358113;-0.10255055076670445;-0.29573548499733004;0.03282954522063811;-0.09316681470522949;-0.29715328306140015;-0.04035622011044002;-0.003685234163833329;0.03200016179671968;-0.025839946865537002;0.050045894966922924;0.05663196139023392;-0.10742418140455592;0.25657457802065675;0.03200291420708735;-0.12637305155403022
46;0.057901005755504345;0.03149038720662414;-0.1195124923581386;-0.17510144290640728;0.02575295508262334;-0.1664550789022524;-0.2753837432192368;0.02720633625263281;-0.07791461956331544;-0.007158928589192196;-0.094449363135704;0.002560054782091359;0.0717581758136726;-0.12213273444185875;0.17330495719749972;0.013294897243337605;-0.10127124036354906
47;0.006760852719861041;-0.11524907243310947;-0.05049800469284213;-0.0026273975391344576;0.058643041893518044;-0.11992862711075279;-0.11357469357961676;0.10309669078142221;-0.12434191139233486;-0.1533705258619844;-0.0997585244840393;0.03907618783890998;0.029221175645102657;-0.06196287881679089;0.1920796399423192;0.02984209778851184;-0.08607566190525308
48;-0.001253533948170385;-0.14285551971396612;0.1009631500330074;0.12169207191934654;0.10353526776816521;0.02598740002478671;0.10737555174220102;0.1507634249422622;-0.10171033007871806;-0.22915742271256345;-0.05775063480565139;0.07134022232252674;-0.08126314094324798;0.05043711955444198;0.1256071134238464;-0.011494786239201733;-0.12749264233226099
49;0.033962257717293165;-0.021643518251377412;0.20309653931718377;0.11614896389870615;0.10945149961553412;0.14994316548871764;0.2532797174255449;0.15403149490343196;-0.014884129751251264;-0.08192319075997403;-0.0025985043454975305;0.006854978177446453;-0.20423444888038966;0.13502577251800746;-0.12822784754797426;-0.14049257814131005;-0.18062562308032523
50;0.04323252515665336;0.10239941323438341;0.1491924643543126;-0.014395330323858209;0.04939758138582286;0.15517548473224493;0.2539491523191924;0.15687675182336638;0.07580711874287106;0.2145760568712436;0.03313815441232691;-0.12518067579165462;-0.25836634883222676;0.12433673240407773;-0.4219064253265634;-0.2674952145162548;-0.1729710933623534
51;-0.02722341830509302;0.06194616349565973;0.002661445208786292;-0.16631444711447238;-0.04881393500704922;0.07280422858023385;0.1645304432837903;0.2222221618649701;0.09476906441798708;0.40266853603274094;0.03468453083735899;-0.19906380280820363;-0.21023947202144067;0.02186939734330693;-0.501912855090304;-0.2789678211529841;-0.10711235528339938
52;-0.15046968974428826;-0.14999627012997843;-0.06254036775112588;-0.21480174615673223;-0.11959366154980704;0.02008553676611638;0.10027590882078576;0.34367451454986564;0.02066264761594121;0.3021298757652179;0.013919612399067941;-0.13829989636419138;-0.10560322519674133;-0.099651142474566;-0.2940382170442369;-0.16355349522529405;-0.057004072003855925
53;-0.24631074536227132;-0.37060201317857744;0.030249289404607076;-0.11812629073042492;-0.11696399182954006;0.05637463919060999;0.10903329388028414;0.4215622143881661;-0.08337886800503738;0.004125085806451442;0.0027435818234400043;-0.001580723086330666;-0.02217050621637358;-0.1545806624861274;0.013271615463525071;-0.011980471842985356;-0.06052456659926085
54;-0.2627509361747787;-0.4303090800913782;0.16007274321264794;0.05314693900517916;-0.06245455315020023;0.10787577872457635;0.12125140224560263;0.3514010321851204;-0.12373296109668203;-0.22215812511187916;0.02738526015106336;0.09047544591511354;0.008815834826040378;-0.10776474189481525;0.17863085317273963;0.0980162628490354;-0.05631782543760586
55;-0.21650599492916722;-0.3069433246517116;0.1531850503872975;0.18815426835694424;-0.03100885891287347;0.05970519618962037;0.04002870191386651;0.13648088340758782;-0.06918091379226181;-0.208112001611189;0.07917385732511995;0.08701210557426205;0.027576609474448312;0.0033224961082691227;0.1454678350966041;0.17446391796932995;0.04063174180895839
56;-0.15776033806808296;-0.12272344604564946;0.0065310746106671085;0.2316298096526419;-0.07807457456442109;-0.08809925202048192;-0.12301749276956074;-0.10373883954526732;0.017126581843305264;-0.04378574466428996;0.11166101755445125;0.03620581806203455;0.08715371147463472;0.10191466566797931;0.03542643049563955;0.2526650703476271;0.21498586487139387
57;-0.11568889185427642;-0.017097034964002455;-0.08883854217187631;0.21307558598570922;-0.1784173027930517;-0.1940446117999516;-0.2243493957715369;-0.2438053174961873;0.04758934058577016;0.04543951249297012;0.07892068502036446;-0.002354153166257543;0.1749292633744513;0.13274385466517977;-0.04450807341947023;0.30253236015071855;0.341523116805818
58;-0.08916818284709929;-0.03779513225501323;0.030018543519397357;0.19897071557106077;-0.24686526800565958;-0.12711260843385588;-0.12382181123176046;-0.2603941523271865;0.0072486730039544225;-0.051063623760654375;-0.01148756127800553;-0.029127443354890006;0.207804461764305;0.10167543814285954;-0.1031727878259329;0.24692696800388142;0.3141114839547285
59;-0.07368920322763069;-0.13274829186422923;0.2880218380071828;0.22950835709634482;-0.22648023496858102;0.07189688637288179;0.15356400530587033;-0.22402171739658366;-0.03265180120318306;-0.2299791627984913;-0.08576414352143892;-0.07092404356215519;0.11767311254809668;0.06279777230805257;-0.16729330754713376;0.07773194981048569;0.1622266231510063
60;-0.06836878976633093;-0.2074350430748515;0.4322483774439748;0.2934830307983109;-0.14835890821759593;0.21517930163560545;0.40963404143665844;-0.1988746869788906;-0.0015175146640407187;-0.3120362165687667;-0.061302206596848645;-0.1123331288963659;-0.06206215148374377;0.06567479599211114;-0.17798020988546623;-0.09332206870963865;0.01640232829327114
61;-0.05021179547687789;-0.17997454226159884;0.3052584558575331;0.34301762399671454;-0.09147980198395096;0.16392723479318008;0.44754227168761135;-0.1777077606559608;0.08371276109389734;-0.2381801055083461;0.06537967194000172;-0.10759888679302859;-0.21087579509673127;0.11031200870870896;-0.07275028687460967;-0.14079461703290555;-0.03241329672515148
62;0.030439863658973457;-0.0178658467296511;0.019115529962054723;0.3242611830576567;-0.08593844033378908;-0.023254736039222547;0.2582785917264979;-0.12360949163589181;0.13326689654987736;-0.1060640636950569;0.1886399780648421;-0.05897013961278252;-0.2315103892982395;0.14999067480899989;0.0600872889875382;-0.07038661665963707;-0.0114792872684446
63;0.19456932844366345;0.23134069003595445;-0.1706727299290942;0.2097387547253593;-0.0757653441373088;-0.15890191991989636;0.02212226310079762;-0.05155059748216214;0.08486830665255253;-0.03313969953660811;0.17341942383680042;-0.03554939414462132;-0.13961467674582853;0.13716661906777583;0.026449282450226003;-0.01455975543014818;-0.0011895892672123772
64;0.3713189949033493;0.4381911170058208;-0.14423899418023664;0.022327634734085704;0.008017433477126806;-0.131906528427534;-0.08118959979685834;-0.03407853454510281;-0.024018567532210024;-0.024452947570151175;-0.010915906692734671;-0.0829001138224914;-0.032866197694688896;0.0679799087515285;-0.21315561640459785;-0.06909704539223964;-0.023040155210207785
65;0.4224155628113402;0.4605742192709213;-0.029942801075177293;-0.16924484299831097;0.14853139720536707;-0.014198248238767456;-0.05083418511302574;-0.11555416904508145;-0.09119655443567078;0.007702752598032052;-0.23344804999268;-0.1396943597562658;0.02329095223733269;-0.014743360791526553;-0.4005978533900043;-0.16835691597599528;-0.02305768688746282
66;0.26561984021218044;0.26279570154489484;-0.03238375604451777;-0.29292180703066195;0.24341702997142714;0.04410389077968589;-0.03764025715979185;-0.24070570218293044;-0.05035590419760434;0.11549391874012858;-0.2999893793803571;-0.09309774062293913;0.056666400409581576;-0.05860900020953833;-0.21695329270698985;-0.16234847051015963;0.03949284015513161
67;-0.01948061882733707;-0.021538532681853396;-0.18821381864845874;-0.32378543527640524;0.21626880670506038;-0.004926488010071652;-0.1459076607788202;-0.293095696202647;0.06960155148782048;0.23991338809053864;-0.13330671144288275;0.07456557901971934;0.12312951744288993;-0.04263311783997119;0.31313957851270346;-0.01134756167067855;0.12107221928641564
68;-0.2317179497180421;-0.1716246574895682;-0.33380695325214976;-0.29380490710412666;0.1131060108529888;-0.06509012036300728;-0.2961837238837893;-0.20809967984341537;0.17774699821808532;0.2732554848617118;0.14011635016143703;0.23566166564538155;0.20156316037347424;0.010774845693528707;0.7470592351468627;0.14094881172736118;0.13273922169516064
69;-0.2199300050929217;-0.060913041425672665;-0.3098923457013158;-0.25240887704278586;0.06455980356876635;-0.029429802419799415;-0.31493633278907485;-0.033588829195429895;0.19935382419573705;0.18233188333986888;0.29875329707843207;0.24849565136954102;0.19466573330013828;0.05573385613273917;0.6464550286152891;0.11703432187647518;0.03943510979719807
70;-0.022429507018565952;0.22355775418787227;-0.15312001942729678;-0.22485479208481818;0.14657398203753152;0.0833114870382568;-0.15165332795150224;0.12797113562102963;0.1225397053729496;0.052650711675913245;0.23564504683405743;0.12260600487586816;0.05346515726444456;0.054965443623265484;0.06116166866769952;-0.08926131137989485;-0.09912962121349923
71;0.17037021343897174;0.44581418319198485;-0.05116290109223103;-0.21109865455223187;0.29333284315923;0.1526001804136682;0.03660165567376758;0.22323688032898306;-0.010283685983279148;0.0070588413173453945;0.057233783401214454;0.011137084494359469;-0.12543881269141302;0.0035827437827275943;-0.4894048905012184;-0.29216181086677645;-0.1867568939158178
72;0.19689612274955826;0.42198869625910423;-0.1206377371476438;-0.20768223604470504;0.36097971331295686;0.10177409877522128;0.049888868607974646;0.27600832031750094;-0.13571122159948706;0.08583419806536054;-0.03695417985993129;0.029722728186250342;-0.17304454296628083;-0.06679550209111094;-0.5490725486342992;-0.30578877278823563;-0.17553204520102864
73;0.0681365242118037;0.17853257700225572;-0.2691007849756054;-0.20622562482849058;0.27174423227971645;-0.014995647002713776;-0.11839907314742583;0.31724404206654283;-0.19893429887446928;0.20828031747104567;0.028752390084920275;0.12015169905460849;-0.03489118021872322;-0.10762919642040905;-0.18412675457913344;-0.13354703969026097;-0.09183895311934306
74;-0.06411788808747067;-0.07420067241835362;-0.2976610379148288;-0.1708050717119403;0.08155306944121375;-0.08245151497463675;-0.2527469441149523;0.31799918564462387;-0.17830715480632373;0.2483262759405759;0.1253252165908549;0.1263694187350136;0.14404836038443913;-0.08955295978995712;0.14008313225372082;0.049554175157043856;0.0014537835967025968
75;-0.06946197243627285;-0.12693929718668498;-0.12378176087811096;-0.05014647249022638;-0.0929874247000319;-0.05737755778463612;-0.1467344801563806;0.22007924190303735;-0.10211875058222013;0.14789124768458553;0.06469394176543941;-0.011874519969513164;0.15964712646392104;-0.03009580213013543;0.10006262054495571;0.08731501248011767;0.05288619727522033
76;0.03909045800773046;0.04945125241189882;0.1255976944713821;0.15558550638508611;-0.1936918014917498;-0.006564446050990489;0.15657843017507092;0.03020279736911422;-0.03454868730020716;-0.034793947815502296;-0.18514180814978376;-0.18577039737196396;-0.02383832219541391;0.016323236399808257;-0.15823494742136665;-0.01027936068395378;0.045490169482023085
77;0.13636331095944262;0.283388186099089;0.24745998815170478;0.347267244259717;-0.2509362572495418;-0.016407317391183802;0.3906200336019263;-0.14730866519867317;-0.022095550612666735;-0.17736050986847698;-0.45045508128976763;-0.24769940387061123;-0.21978954415102311;0.006538256297011202;-0.25043154847448;-0.10635336647035003;0.00031190755519913297
78;0.11897250780747734;0.351759333632722;0.16984368024903887;0.3860583412781002;-0.3054550073717708;-0.09079323931890207;0.3384470727288212;-0.19813204622287123;-0.04371699062416697;-0.1928834797628315;-0.5202478846368487;-0.1762429761457852;-0.21732114334491276;-0.04784964966888423;-0.022960286060878805;-0.09116965440447682;-0.03438004383451992
79;-0.0005483800256451934;0.16729745006968877;0.011398412679315593;0.22872576545776385;-0.33068680582420473;-0.1525774944837799;0.05469728402206791;-0.11560839487617572;-0.02722283704565392;-0.09210091463756795;-0.3477782869456078;-0.07730111321679387;-0.017235012148242496;-0.09034969408055331;0.29963616760515854;0.02463280605625477;-0.01785184901041113
80;-0.12086153943821672;-0.15395680719966004;-0.055622130382429906;-0.00668392768385053;-0.2567167181712199;-0.13325897584933893;-0.2024828989820333;-0.009501017771252092;0.0677787145370268;0.03477770683111708;-0.07468806797843701;-0.04067790338327149;0.16515895633098213;-0.07942816808112789;0.4152166908205342;0.1526352138784855;0.0381561831446163
81;-0.15326383488543024;-0.3968231687001639;0.021400200448152468;-0.13799855898027202;-0.06956728843764363;-0.04249973192507284;-0.24075576528418274;0.01261194064906932;0.1856784862264475;0.09131113324775661;0.12582667845329046;-0.04708225898701671;0.13939259806474516;-0.03522415547626859;0.28477010245644;0.22463951211425306;0.06589007932582504
82;-0.09244218017889783;-0.4271661636005106;0.14728182748843055;-0.08823686422958534;0.1347830820378252;0.049648593400268275;-0.10126513451146592;-0.04207908110501551;0.2134198020903612;0.041718714614091136;0.19827836966794993;-0.033001467656997206;-0.051531195611218716;-0.016739027886225746;0.11611800733351109;0.2346382834110906;0.0069206326448457865
83;-0.0036677874807337363;-0.2903342518781561;0.20539617787674888;0.05748993809163;0.21618017521409447;0.08206360686207663;0.039074742229301844;-0.07617112665996699;0.09778977301572729;-0.07328979709239226;0.19747775943174065;-0.0019627034621838234;-0.19211801624935412;-0.05007393759341246;0.07276916270089173;0.20818875054958008;-0.11163707241596676
84;0.04058846288549681;-0.14861189931893046;0.1840221837879595;0.16560147262736938;0.11795026357665628;0.04775623645341998;0.08281602651495186;-0.03281278177647219;-0.08167232780304062;-0.17296184916940296;0.17739414065439818;-0.017346144877941283;-0.1475815927244867;-0.09028441498972699;0.10284938542990842;0.1638397504355248;-0.18586410365161632
85;0.010579739679350017;-0.1272885713653543;0.16605220822718636;0.1949425985752147;-0.07352396945138967;-0.014421422521055705;0.08531273185344124;0.02858424264792876;-0.1740335837313789;-0.19396562850809962;0.13698676598409773;-0.088472032849153;-0.007559377885730594;-0.06728898907543503;0.0693010394857806;0.1118050998766758;-0.13928095795986667
86;-0.07450670708303377;-0.21767992411109405;0.20966451763363103;0.19790180882048203;-0.20214786970284304;-0.05558298029528973;0.12841381699098056;0.009059218193722867;-0.10028311714341552;-0.1315073097128314;0.07636811135203873;-0.1207271327896942;0.04465120483020585;0.031061867509542332;-0.04275000478237589;0.0695146684737799;-0.010872308945323874
87;-0.16971391713407905;-0.31775126209824256;0.26781763823929033;0.20181460404322113;-0.18031256319541653;-0.04774310991250735;0.18432134654217777;-0.09182057847992132;0.06848762244804588;-0.03951076779340599;0.05275874526127535;-0.020661902854867013;-0.03082064530662808;0.13486045375829248;-0.12602717956787637;0.05694926053334168;0.08332813152441318
88;-0.2303350453128146;-0.34838852900873074;0.24135968326572013;0.14747538685194872;-0.05942663491374063;0.0015947377515318898;0.149650326889213;-0.15219813236838414;0.18112478879722804;0.011821682789075964;0.12826481772497494;0.16835565560047902;-0.08125574022505715;0.16009120843025867;-0.12502005006081107;0.07469426489803878;0.07970124962326858
89;-0.22871516383659143;-0.31635279656511467;0.10231187528890974;-0.020199109869162117;0.03234481187479557;0.055324580896880395;-0.004618208882382258;-0.06289659082548073;0.15177697036353913;-0.006176871079028002;0.26477262250605066;0.2845795095783704;0.03952030931618106;0.09546590100251544;-0.1166841698664072;0.09644960602272935;0.03507555356682775
90;-0.16267456621303156;-0.2706306226154893;-0.05797009042856772;-0.23092004969798302;0.019709815568877936;0.07657139053119975;-0.17185522575741732;0.13122365637518557;0.031436449224298835;-0.054246909167357235;0.31929981816386094;0.21982205579375635;0.27112627936902506;0.010699674239629595;-0.18779097044606125;0.08785563586155089;0.04884308186970652
91;-0.056479849327560075;-0.22458413460818707;-0.11584489283127275;-0.3200144927411911;-0.05211412298563814;0.06541652179196665;-0.2224053251610935;0.2574687656801772;-0.059135979661241296;-0.06047061857161914;0.18070992801483082;0.046464519935973565;0.39757370303518536;-0.02212817274241697;-0.29871176626984425;0.0312901119487926;0.13490265144731364
92;0.04801717064329872;-0.1457114987445487;-0.044015013312276925;-0.2050635521545283;-0.0752720767219097;0.06289328738179772;-0.15016707765339002;0.1923630541141416;-0.05357023383097367;0.007650738717369464;-0.09871215082150048;-0.05465497747114673;0.29512093946981;-0.0037505358871297175;-0.3369971521125006;-0.06347885972261895;0.20479414134321064
93;0.11002048963681244;-0.019490874760429405;0.05980797259501975;0.0006775268332476979;0.002950953841529432;0.104612115676507;-0.0721815044951389;-0.007533058043497031;0.008439543818713587;0.10446547124132137;-0.3382561977167432;0.014721095140575102;0.07994862450165034;0.0037737666614323425;-0.28090760079419624;-0.1612144840424787;0.18301622184526567
94;0.11163037016586806;0.10448248258324949;0.074686271889719;0.09161978823846904;0.12787054379493298;0.16709962477766;-0.08766942582943626;-0.16917718552425445;0.0402031491394091;0.1473511132938195;-0.4002174060484484;0.1761835364586777;-0.024218846986794492;-0.043636346158465594;-0.22477427834567604;-0.2097565704126579;0.10378377888111627
95;0.07109314140047489;0.15430165921107944;-0.023949981265041737;-0.01533039287924842;0.20266285472827733;0.17469346425839583;-0.1728091695112705;-0.18476772576242118;-0.0014679591087112202;0.10060895812457162;-0.30479300422917843;0.27177681554128963;0.05744546870603153;-0.1186691985154424;-0.21465317837867198;-0.16261663506260599;0.060368439185603036
96;0.03548472831662975;0.1215572196444218;-0.1535231415774777;-0.20039913556411107;0.19357386852907668;0.07497196528750023;-0.22910058614116835;-0.10337249705154711;-0.0895895293860778;0.010664116350177166;-0.16842937956428153;0.22762706942075733;0.17403916663087127;-0.15213743605554075;-0.13419246946271732;-0.017840151457716686;0.07289968859095568
97;0.04984798665052491;0.08391733049951303;-0.22251616453600898;-0.2831548017197115;0.15459240792067852;-0.0944021057647271;-0.20554591139671216;-0.041011450281503076;-0.17288808092124128;-0.04980863263111484;-0.06263755912433683;0.10492598590145542;0.1384059057937522;-0.10527501192433757;0.15659703600750458;0.1560300224620777;0.05567606083144685
98;0.11888234860838606;0.12692031716949384;-0.21964911392750988;-0.21365152502237006;0.14648242738227316;-0.22721336365755848;-0.1364334308728023;-0.03605570047410318;-0.225018155801528;-0.06400722910499905;0.02579806869924556;0.009572564320364855;-0.047203053044871726;-0.0036186055073975433;0.5750264957490452;0.2478014242790325;-0.05968121782769169
99;0.19333863937537926;0.24839560933830895;-0.199385809875633;-0.09552693737937734;0.15208451983117158;-0.24289968515409782;-0.06526457258727993;-0.028044246036584865;-0.2431716488672074;-0.07805653554302633;0.10530439253764928;-0.015188445855934698;-0.19618306561288618;0.09440235061714936;0.8020503540070107;0.18232303986477097;-0.20194131927218903
100;0.2034040430413323;0.35493476661856427;-0.1977009402180415;-0.04071424036660068;0.09730482113333042;-0.15395344541329647;0.02260661504328;0.03273665956465838;-0.21704228060157368;-0.12222496650920292;0.11484401015702368;-0.003944987288892064;-0.16054762210455023;0.14755564443704325;0.5874289448616005;-0.014417050979787138;-0.21558621772857042
101;0.1210191383450772;0.3576615392303342;-0.18868260166892012;-0.050084444773987324;-0.041244025018389724;-0.038322915267994015;0.16129430545008658;0.1053575854813105;-0.1252863640001281;-0.14956603295348053;0.0009483263011840422;-0.009802694542786169;-0.003962553216047012;0.1481441287251866;0.04926271511948792;-0.23013366647819963;-0.05193518800271552
102;-0.004015941160296605;0.2631146914199264;-0.13051474718955994;-0.05172317678179325;-0.17540867789564873;0.04193450719481456;0.319222172288658;0.11785648306206223;0.02695164323031939;-0.0836387418731173;-0.15912555780780166;-0.05545596135768533;0.0739227760331322;0.10591531222908031;-0.3961738669436466;-0.3532588014794116;0.1354985381614653
103;-0.07729530668631181;0.16229760986510985;-0.0332649355623634;-0.014029890231582322;-0.1805427850096441;0.08097189181441743;0.39709517680883366;0.07911549567629744;0.17924693663646682;0.0712168665335513;-0.1815215761068443;-0.13141285846544148;-0.03661366451423686;0.03573366825213693;-0.42624257844449975;-0.3511915309425436;0.13185136445326295
104;-0.04223511076964991;0.13499640758947154;0.04320754312478122;0.027775561976298727;-0.03398135962262461;0.09721247730368822;0.32820425794192176;0.07821365733557968;0.24613563420668277;0.19918754632690208;0.030830090834354142;-0.21296517093974837;-0.2437477632047346;-0.037936768348296054;-0.10374190568870745;-0.27023655990985673;-0.10255401018438576
105;0.06401884758647897;0.1756919243301191;0.059189081604422766;0.050125663964436996;0.14270403457398753;0.09025536815631023;0.1605228024833861;0.15820574390857428;0.1896056333425565;0.18232844845033772;0.34148675681995844;-0.2708092914482763;-0.37161387086900644;-0.08266469053327484;0.2347500647072983;-0.17169702257902744;-0.37200477160590495
106;0.14015697638067545;0.2156817634917856;0.04181657960256214;0.09198534691808141;0.19660062174200324;0.04932910376630111;0.017556837538492662;0.23353719115750046;0.060794031480535936;0.03584802532942295;0.4830166086945987;-0.2845815780943873;-0.3526218619100313;-0.08047379825149853;0.33628844730822954;-0.07977937449759795;-0.44300885399813766
107;0.11248212502730891;0.20673704599477735;0.04664888450294051;0.19507668126109817;0.09280031167292872;-0.007264565849653339;-0.016423193064674012;0.18068168183363542;-0.03846580862427121;-0.09444354737695938;0.32862274299715444;-0.2613823514233867;-0.2723551967459304;-0.0468578793872741;0.22921384486687915;0.010151327947087438;-0.28440630852203796
108;0.00036425366944040495;0.16874497586155954;0.08158196292183104;0.32078598678609976;-0.06252463277668446;-0.031322275031184184;0.04331528202950216;0.004228431895727711;-0.04152848053494843;-0.0829500039901606;0.03327722790881458;-0.23050062205709215;-0.2380550530933828;-0.01502012716692271;0.09088120373241006;0.09036079860899425;-0.08287988304769056
109;-0.10879305027121161;0.15137272889005246;0.09088922814792383;0.3748500193793807;-0.14350446194930752;0.0021385482892787794;0.12618907202152901;-0.13956205972078883;0.0331645437006258;0.045278128115292485;-0.12846284754026854;-0.2033032402786027;-0.2468138494314185;0.0029604564330287238;0.008562796390962855;0.12715235478813428;-0.023699759451259114
110;-0.14659860631185462;0.1592717846841865;0.02428158957169514;0.32119410147243943;-0.12717012511776174;0.05507695091719094;0.1791687912091431;-0.11647651859504383;0.1136792837423317;0.1541475745876435;-0.0568365851640717;-0.14637178540021056;-0.20747002727457212;0.029665568059492622;-0.07143048847139362;0.09305520698924054;-0.09124459352357521
111;-0.1215220688403313;0.13203104583007114;-0.09004058454176864;0.2317300077271635;-0.08600219350516476;0.060920047770287464;0.18425768359300265;0.01647883866294602;0.14761577821408609;0.1539445344758868;0.07602773781304856;-0.020655640195056352;-0.07110013566142151;0.08764206618782439;-0.1981245055775831;0.003547267548643058;-0.11062109040513361
112;-0.09166385951810221;0.009936005058183902;-0.15818498491723443;0.19452531966874567;-0.08129086704534927;0.0004778909489021143;0.1344336492796425;0.06543711471306995;0.13789405660633733;0.08666900891348368;0.03493228612733926;0.14575738688843973;0.09871915966092518;0.1554595604912952;-0.3087981720479604;-0.0873109336499923;0.03138821245879449
113;-0.09052469259757591;-0.1818365455614664;-0.11070893278890395;0.19496288178034016;-0.09736945220655903;-0.07259935826727013;0.03308685361068435;-0.07056982138177491;0.1124831816711999;0.04711480698886241;-0.2017711336501026;0.2513215667509352;0.19571417960725268;0.1726069823105678;-0.3017308573068271;-0.12792750682511997;0.24705656526312458
114;-0.09206143292380754;-0.3293885877446393;0.026272408984554258;0.13134042350985176;-0.08640641958142563;-0.09114612024772292;-0.0804250172467361;-0.26968537914134716;0.07752438704008924;0.05493864040235974;-0.4080674963677898;0.21679574236223187;0.18651164951179486;0.09758012895215035;-0.16920901936927016;-0.10272299115572307;0.34485982497021117
115;-0.05164022548213389;-0.3289259022130347;0.15325012793948906;-0.04565442907028737;-0.046460770066658136;-0.048661844878555384;-0.14224251969208151;-0.3238724701642852;0.017012366929515247;0.04490550089520569;-0.35125970308272914;0.08138724185730628;0.13312212537508386;-0.04113253886230471;-0.005232040150283569;-0.029466517504780274;0.24379334750127632
116;0.0293815776279697;-0.1968059940206278;0.18699175118421985;-0.247900352739873;-0.02320191984364387;-0.0002899919859628153;-0.12932098128650604;-0.18346425713850065;-0.06411278846324489;-0.023304347759576592;-0.039473522762247644;-0.028024843191938778;0.10746863260388673;-0.1586959160398509;0.10637094143978965;0.06354888016271502;0.061607154311704854
117;0.09388577103236014;-0.06985808414576589;0.12811371279643227;-0.3351494123709493;-0.039784272991958435;0.006273544106226242;-0.09815596608526397;-0.011662049780671958;-0.11917192647306353;-0.0952558314961079;0.28338185897296886;-0.034482441667849896;0.11171812000745704;-0.18184017064969032;0.15770048631304465;0.1485022927450906;-0.013379735316995779
118;0.08732588442393406;-0.0776513325977565;0.049102960967359;-0.2698508164392502;-0.05931396667570154;-0.017446595234280004;-0.1250646139745992;0.01865291569997628;-0.10266807020551759;-0.09262145036711061;0.370453796509269;0.009650105735158529;0.09844666423948661;-0.10580595810566577;0.16019077610587418;0.19371875204549666;0.08294944503407456
119;0.01747544644448186;-0.20954830809180677;0.024950296035037886;-0.15117498657472095;-0.036116504125007255;-0.02609581220169509;-0.20550242346126196;-0.06658986886526749;-0.03168070553936075;-0.027040220763870602;0.18190221539508436;0.0073649441896399175;0.05411609808691987;0.008901144154984662;0.08111546929516505;0.16991083810430857;0.2380676698938538
120;-0.053255275502854284;-0.3226994347129182;0.07221274597849167;-0.09193271774149601;0.014760518502508509;-0.0032806150473625416;-0.24572040810065543;-0.08868364458471234;0.017738249420590727;0.006996481958660579;-0.11852712816406752;-0.03832932852560314;0.03306113750036254;0.08835908721714433;-0.10439632470191071;0.07903449065150779;0.29323761613460947
121;-0.07419123719679921;-0.29502951240814246;0.14264361221099445;-0.09782314557487592;0.030132857789292308;0.020977142271247997;-0.175300152313733;0.04380869246817853;-0.008316585991141656;-0.03940631675549953;-0.3336567855089228;-0.015620312710816058;0.09459237265925183;0.09651487260755684;-0.31358348942161796;-0.024367694977099917;0.20355937355553674
122;-0.05573478188231438;-0.1608366057943557;0.16874739549597237;-0.09404394580464848;-0.016579962364497925;0.016556217159983688;-0.043807532964736155;0.2082986243668479;-0.07327563211469189;-0.09503868754696865;-0.3819991681071151;0.13963026550963145;0.21772896500758163;0.05023743851333683;-0.38132008385281396;-0.06063324179614633;0.0617302045517161
123;-0.04711873645602766;-0.07105999683630165;0.1217285045850508;-0.04738193085697259;-0.07035245600844907;-0.002092420100733448;0.03205089611343491;0.21976445898894104;-0.08641476868653061;-0.06309389567630373;-0.3085964605784741;0.3201232919084515;0.300682190083492;-0.002833462737961723;-0.22870063741478472;0.005950699929869705;-0.019302809346039587
124;-0.07194398210601156;-0.11425093937949608;0.034608888209828256;-0.015008471216324135;-0.05471790236986702;0.006026610037421345;0.012510033492119486;0.06959679090596066;-0.01539685616288539;0.03146742642699393;-0.19641344402909167;0.3388340815040353;0.2588452673593004;-0.023675872557574175;0.024570171472869873;0.12363726523818531;-0.02254433745119514
125;-0.09902756035867102;-0.20575891879480648;-0.03145221600405834;-0.06061638028756273;0.034499563723591246;0.04972267682568035;-0.021762101832880174;-0.057123564619945985;0.05820061752701529;0.04995005703466457;-0.08621409508819562;0.15197557488926644;0.12156636747464598;-0.013357694566810808;0.1711389311757771;0.19506115246011685;-0.018539845270701558
126;-0.0821357891548824;-0.18701462550994036;-0.049926970089541896;-0.15818215416668005;0.12032908866994052;0.08179245063458251;0.003258840432022652;-0.017139703064575768;0.023202503082846097;-0.0802624677603226;0.034634652634903375;-0.06103683509425931;0.019454397907433457;-0.012629045166030514;0.1428036179982064;0.17716279364453136;-0.05724139875473875
127;-0.018702869345121952;-0.027418402273145268;-0.05673434653918613;-0.21397268586657645;0.13250738317228003;0.04403617013608807;0.02503055294164262;0.09853098032202462;-0.11993224650618528;-0.23837617117866564;0.18872009704944168;-0.08623631494182032;0.06193012855725814;-0.06170812484144848;0.07817638492857744;0.13349411615312168;-0.0949531384873774
128;0.045250075873306185;0.11935529831355743;-0.10454589007962992;-0.17486303170361883;0.08252655880406169;-0.06723589821038864;-0.08971168644160737;0.0693982264294276;-0.23042353390375497;-0.22250741080580513;0.35831643967722326;0.07172497505784226;0.22029340888324017;-0.14921226750400968;0.13557418538810534;0.1654043802645985;-0.046361442633968894
129;0.07060697268061329;0.09347475961143523;-0.1861434878481071;-0.08052646976752394;0.03709735069008088;-0.18715509726222315;-0.3359143756707481;-0.16775939001506526;-0.16639749428734038;0.007517055510618752;0.47239347959885714;0.17943159583189672;0.33710566072160114;-0.20501786026420088;0.276255922573512;0.2802026823025776;0.09528501510778918
130;0.07175473900026219;-0.06110551558538565;-0.22050830933486704;-0.0012499389914519608;0.03285446631890832;-0.2344011348165476;-0.4930834889367134;-0.4043485905715548;0.05138324193540609;0.2527616377653255;0.4512629531643888;0.04162901965087519;0.2662825381458643;-0.1610668113418582;0.2960188226430012;0.3460798893446197;0.21365209384144115
131;0.09333615131330515;-0.12350472485347685;-0.13797109199087623;0.04355147280997477;0.04366478803766661;-0.1769899828993308;-0.332038336010243;-0.3747094699979594;0.24221398658947133;0.2796884046316043;0.2829951625550957;-0.25626639949301977;0.017228609923488736;-0.02885536366805539;0.08165768638780464;0.21206135829564482;0.17003098619941875
132;0.14271660675645303;0.04252382073526101;0.021138278890830614;0.07901268255628742;0.03313024564068474;-0.052676984600710096;0.09959116263818107;-0.058461298138148;0.24739532155019364;0.07975247496295036;0.05950236105706527;-0.4196879059142503;-0.23996962459677498;0.09422924585782978;-0.22015845998102992;-0.1123003289605265;-0.04471021601597383
133;0.16440263016410875;0.2954655611035266;0.12063411258434667;0.10828250880119943;0.011253585234527078;0.06647543659802631;0.46466879878513295;0.28406956819314905;0.0957057420495193;-0.12320267394400773;-0.08415222599647057;-0.2615003823894854;-0.3253527398849367;0.11375206010487507;-0.34204016765261486;-0.41779107956782613;-0.27529427537813017
134;0.09854335389091382;0.34636568081774344;0.06611238565886451;0.09747410755682986;0.017536610612446112;0.12899789731575778;0.4604428492615294;0.3856975349544095;-0.03466429831397797;-0.12927271734586882;-0.08837558929934616;0.09023734922121948;-0.21764370860320287;0.03673530056151051;-0.19104792664544842;-0.47121584950995826;-0.341796835521179
135;-0.03734446455836615;0.09314010861871065;-0.0788546302748394;0.03912825342986497;0.06032238757939141;0.13474384889090174;0.13722994664000512;0.2393977574170836;-0.0170327656277493;0.020947648831804326;-0.024861217940787307;0.323233025898513;-0.07373351872357119;-0.03208799698632862;0.04908093947114946;-0.2448572069598274;-0.22049534011445507
136;-0.14299195436159912;-0.22571816895757363;-0.1442049794242125;-0.0062439193506854725;0.101514646492355;0.12269058313921272;-0.15460744287330963;0.06481922082075726;0.08724618713555522;0.11928440954860096;-0.01604275699658711;0.2582275499796606;-0.07289743581794775;-0.002783147569523161;0.13187159565735487;0.04404734526294392;-0.0714145211846384
137;-0.1261108357503221;-0.2605873842370853;-0.036109005773857575;0.028665777056848026;0.10761978425868077;0.1293150611466338;-0.14033865983112037;0.04136818727641495;0.10914331393241321;0.0480053275751594;-0.09576441722366927;0.006120190294784905;-0.237467223008982;0.09889939681562877;0.02457506760828499;0.1407275468406982;-0.07163166350516292
138;0.0028343294105373155;0.07446316904678409;0.1494996349081488;0.12169140770711433;0.09248870996710712;0.15270173851544233;0.1028791987753993;0.13100512747474918;-0.028880074765373118;-0.09583154586725481;-0.1702299630137197;-0.18008472282036367;-0.4115260897738885;0.15846333969996632;-0.07713681220793156;-0.0035666800194412633;-0.2261021586902262
139;0.13636909033393815;0.5011417977285619;0.2210173110787461;0.16625845015659627;0.08999331815969987;0.15500287970970314;0.27234711736737693;0.1735137938838712;-0.22526447363560295;-0.14497048690604658;-0.1325679996382264;-0.16513539966065638;-0.4195137732291181;0.10120116081182151;-0.002763211167955613;-0.2082708312779552;-0.3610626828440244
140;0.17350155809009776;0.6659718727845358;0.09653485510259784;0.09364316193128715;0.0967874951623043;0.1033374424378281;0.20027109102753202;0.1003049743815332;-0.31537406840750226;-0.07252223616205968;-0.0006134143684339986;-0.02362196042774092;-0.23996560558090888;-0.022759071929479263;0.182497514378725;-0.2752535010551079;-0.3093086659615602
141;0.11131309689006681;0.4931176150417793;-0.10988436112851992;-0.03129810402141973;0.07001459746882539;0.008836738801736615;0.020679625856880476;-0.002933987909045773;-0.2452550771518676;-0.00012573873996787004;0.08883025267196684;0.08872177048883642;-0.01696475735852833;-0.0939564494685228;0.25976529784947416;-0.19067816430070372;-0.08502352796188738
142;0.031045100024843317;0.21482086601049352;-0.2164910299646778;-0.06719037243331638;-0.013313229443061899;-0.08006383717983806;-0.02978625594886816;-0.0345624532362861;-0.10376911330720251;-0.01163019299858565;0.02707627405243497;0.09751195968021785;0.09124776161312195;-0.05451004978702628;0.12438049850122951;-0.0957719053632101;0.13990357472088225
143;0.00406141602492932;0.07709120967732862;-0.16317525146477288;0.05124096545882239;-0.11924736247184646;-0.12541371656546244;0.0934677404066548;-0.012698189617015472;0.00244226803928864;-0.03225950182974745;-0.15197342756291415;0.033389040065076495;0.056222261054261355;0.03555639362745483;-0.08423107698186748;-0.08533553035360678;0.22019838954412066
144;0.026092463858859903;0.08260915431209877;-0.04499485747292243;0.2403350978103567;-0.19724674253863803;-0.1330829358299038;0.2136478789173731;-0.0326093294474177;0.06090304746635707;0.06178178342949309;-0.3210541967111492;-0.054957795561684626;-0.030518434831487026;0.07454175473950117;-0.14161536689363474;-0.09411863011999713;0.1687548409237276
145;0.04314837889842387;0.053046013442966146;0.029130776157071527;0.35276457819669077;-0.24098889165668144;-0.12987839949795774;0.17755712097233556;-0.11787009666072126;0.1200856129854038;0.24885749760377057;-0.3975565522663577;-0.1540831065085861;-0.08402202668594316;0.03079904741262312;0.005956470439080583;-0.010105751667428083;0.09940442022651705
146;0.0216931478875205;-0.10785420660334286;0.06059698960671983;0.3138117727665823;-0.27822313037426055;-0.11440851655485774;0.046211905629670764;-0.17359389516806023;0.17910736682829909;0.3474039178479412;-0.39201538129520075;-0.24915981990700375;-0.10721264991631231;-0.038605669944932176;0.18566739777070945;0.13984838491626872;0.07468963750885876
147;-0.02527364715216177;-0.2916422211506513;0.11505226930606005;0.16039114732288537;-0.2997478415402582;-0.052328150434278686;-0.005224929788444469;-0.10788763135127523;0.16714430935581892;0.21904440323168914;-0.3237524066098429;-0.28247254769128505;-0.14038603995815102;-0.06894998214549573;0.1965811332407388;0.1856099239296455;0.0533939841462749
148;-0.07448926888775045;-0.3360368608599417;0.18631164907610265;-0.02743036453465033;-0.23742999685398922;0.06672123130650459;0.06948222726826454;0.036244878652826766;0.0504770743606547;-0.054925398655144855;-0.1517861578502234;-0.19345893533246053;-0.16586590841759774;-0.057646645916235216;0.0271520444133137;0.017815003435739468;-0.011698505958830666
149;-0.12694819653479028;-0.23201353376072606;0.17279226185165325;-0.19017947487081216;-0.04831091209995115;0.18226332835843967;0.127017515933039;0.11198665702867436;-0.07980068847380971;-0.24497668424431315;0.1503907923309861;-0.0019056090108779606;-0.10822463594160425;-0.041456839732643164;-0.14755637592560136;-0.24661304172609352;-0.07409658890186852
150;-0.18918518620965716;-0.12028147592073496;0.016897297382127308;-0.28175409911481925;0.1896906877745016;0.2025403679659084;0.034727049458914444;0.030886739637947195;-0.07906082385304941;-0.2152975927872953;0.46649614111348503;0.17734530235869603;0.06076916533690323;-0.02770167916269523;-0.16588187116142913;-0.3578930495293627;-0.03796257063639221
151;-0.23449368043985885;-0.1004117699335877;-0.17380438084922534;-0.2510097608391083;0.31007225095781243;0.10286241657238998;-0.13432188614265536;-0.13697393176437528;0.0829404074005878;-0.05675888444851773;0.5664518155568457;0.22416667285917577;0.2503085292104192;0.01796079106367429;-0.042414423323179115;-0.19743973387797212;0.10565443744943645
152;-0.21366767721138252;-0.11496580211479021;-0.2069798779499352;-0.08612553008607844;0.21372943924656862;-0.033335586059345335;-0.17489693795654848;-0.2385433254236172;0.2616558789779118;0.031946243646588775;0.32991477638332106;0.1185080429269019;0.32123736196229846;0.10934203819511767;0.07264456490554108;0.09143479333001554;0.2367154290532429
153;-0.1175320761198744;-0.05593934780582628;-0.022427338877307402;0.12200398787152464;-0.01944606916923388;-0.09496463435493058;-0.01061304841982222;-0.1934510175389072;0.2785156630613189;-0.03733340002257138;-0.07327243463651585;-0.04682168272416002;0.23308474846197424;0.192914223320159;0.06490376589742773;0.2612646628175802;0.23241074361946049
154;-0.010606374885180831;0.06170001241448914;0.21091721041405234;0.21102947812267292;-0.19955971614261792;-0.06312547516970617;0.18550629385782594;-0.05454670095412504;0.1150286012688192;-0.1715665247140913;-0.2939697213281855;-0.15204279101733434;0.09561859478788613;0.19099444701371876;-0.04081768208258498;0.22269276212675962;0.11505583932081956
155;0.024301771425918262;0.10197946304138528;0.25481424337389985;0.08626471239715303;-0.20781908599498647;-0.027283503573296383;0.17400899513834714;0.07170536235454639;-0.0649476038551228;-0.2245997471669066;-0.13747439792520444;-0.1435329922892678;0.05512040765877947;0.09004106431329939;-0.13696633787735457;0.10937314452904809;0.03154922508364723
156;-0.02059902013046494;-0.009976774548275799;0.05415374317679927;-0.17162067630727443;-0.09086157315711779;-0.07034927173483232;-0.07362456119164539;0.12928310590773553;-0.09774736835830589;-0.14957435907496644;0.23161057295333684;-0.052530503067342305;0.1389487359537221;-0.03661110496929553;-0.15609290173885132;0.08769833968150338;0.07649062702288179
157;-0.06019183811191186;-0.16688085632073416;-0.20180020769137683;-0.36423608189143497;0.024516612983650612;-0.15769602719871686;-0.33224696440773616;0.12694213544415867;-0.0007122520078342987;-0.010870284219829624;0.45368011847802425;0.05609887085291327;0.23430907265195736;-0.10478037549503691;-0.11845804582385845;0.15675632807189716;0.1715515552269534
158;-0.008828823636880064;-0.18981560784704535;-0.27997223988251246;-0.3536870379742744;0.07809382812828147;-0.17053357258953342;-0.3673455040539695;0.08268517571361737;0.05612882524955045;0.1153842638600952;0.3416482921592736;0.1407571652007284;0.2229114668178277;-0.10401850204032007;-0.07777570345039109;0.17737959820638233;0.15559436621748046
159;0.11662758024668247;-0.04364201721689941;-0.1406237190638832;-0.17778841084088848;0.11014337619654738;-0.0523921511090611;-0.18434441302837296;-0.0025920663484596375;-0.046968611169335706;0.2063996831941626;0.05342260120222862;0.1968177940242186;0.11420510154832976;-0.08990310749056384;-0.05513938812378892;0.0737011415526358;-0.015065375411396626
160;0.20661171915897658;0.11054788686466295;0.04572782101408867;0.009194595423467011;0.16570831936380653;0.10670711530624831;-0.004645409923543231;-0.10995988972968189;-0.23685041900750672;0.2619131495147667;-0.10816371266091387;0.23097298284062767;0.02618638433948308;-0.09979817722994953;-0.037417377745771134;-0.058560285589101375;-0.19724542473390683
161;0.17805498331838182;0.0973689387958303;0.09948934371376827;0.08847698330205422;0.21354415519316544;0.15771055499773248;-0.011719250852017126;-0.17650567770527484;-0.3264365290616459;0.2566035801590915;-0.026660254233592834;0.23279481900646015;0.04257710475260097;-0.1028506899738719;-0.0171947661834637;-0.07143350512770104;-0.2124439106754712
162;0.06830452049777988;-0.07139220120905222;0.012775176881194467;0.05728899433471622;0.18719082810481408;0.05659059972678016;-0.16173930644231138;-0.1412264148365738;-0.2203741922538806;0.16087522086208036;0.13599227342673031;0.17505440796998464;0.11476919364263809;-0.047943753956824216;-0.005182973008126696;0.04737145054612788;-0.04703799946867533
163;-0.005974853980719872;-0.21172870203354557;-0.07734935304558979;-0.01693070992104807;0.0836502463750704;-0.08549872260261739;-0.2559768662951189;-0.019331125645988975;-0.014177444497856876;0.0003503841863763265;0.1602356848547016;0.04599646054968103;0.11827533883805894;0.0541524498402903;-0.0015923091627359125;0.15834342987797223;0.12914477761466345
164;0.021785159283487114;-0.1734699754090179;-0.059823482456995286;-0.07911355798408881;-0.019296128353077608;-0.12436689110759806;-0.16847690779266525;0.09433020470794386;0.11513945148048835;-0.13880008584354928;0.019156898181283202;-0.11537771059743201;-0.0056408465879612115;0.12317117408654228;0.019355666432836188;0.1417312289324475;0.14355320396326168
165;0.09961472957750292;0.004728160088174393;0.04221972955266178;-0.10993461119122112;-0.05121932811439307;-0.03482850209040172;0.02987674532821849;0.11539527466231189;0.09276276959826243;-0.17965604822099523;-0.12633061392546613;-0.22354330372317294;-0.18252574905433588;0.09170342029351396;0.07498794301595947;0.036349430680915375;-0.006549280575904618
166;0.12505501597429855;0.1541627657209806;0.12549424792016287;-0.09987353988544066;-0.024796358191183254;0.07797233780069832;0.1650498420526013;0.05941692322020131;0.0014475144688495644;-0.12050495890777944;-0.1467597321469059;-0.20557338961141494;-0.279182058086523;-0.019271215234604542;0.13071301640053973;-0.024697488880607542;-0.17318340739905347
167;0.06465000268636864;0.1568050554163612;0.12717126895101336;-0.04127022564872634;-0.002895373736319666;0.10689740783794643;0.1428543117472001;0.026487959063592338;-0.03323241832661068;-0.02516814694741956;-0.09431436175000639;-0.07230128878074495;-0.23206733121470016;-0.1199336171409375;0.11628447281477423;0.010683225314619793;-0.22411781050322505
168;-0.015364078264626468;0.040443199751169806;0.0694708426013691;0.049439547309531755;-0.009899686761038619;0.052109525430008796;0.024774968070423467;0.09128134006525827;0.018918436138977805;0.039506261117333207;-0.11519732784737262;0.07297226644734439;-0.09664391276114459;-0.14038302095869157;0.001673968562625579;0.05455680439111192;-0.1595504526797106
169;-0.03574140128633791;-0.0857446187721726;0.007604486082359731;0.13039479286649167;-0.010992190482477538;-0.006137779083656074;-0.0559844655245061;0.21502821443128745;0.08190386633333413;0.04545361854961186;-0.25491248383738435;0.11569249615340335;0.017678324551969507;-0.08679258212094715;-0.15061160525491074;0.005788308807097157;-0.06875907153548189
170;0.0020630644816039233;-0.14390092034003082;-0.0288666938168354;0.1737867930726846;0.017916021713387163;-0.015650011961091566;-0.02641005614648385;0.27388688704752934;0.079412339136003;-0.0011928388158662488;-0.3983393623555913;0.03403046392910849;0.04624048116414274;-0.012764468298651903;-0.2272809783220242;-0.10749975397348484;-0.011892241189556226
171;0.02572059065081738;-0.12271273947768754;-0.0381372802415269;0.19262394692011828;0.03664772549607065;-0.0009702167084650205;0.075678346095531;0.17610956158340998;0.021102064961889256;-0.07493807676041847;-0.4006597724892788;-0.08008788502357161;0.006902913094554153;0.04353196471776288;-0.16699005790630525;-0.15516850261572598;0.02423514766554611
172;-0.014441339794040367;-0.04052436110605465;-0.021952243498565383;0.20827133335004996;-0.01166643161622412;-0.00725069924549724;0.1553078946496098;-0.047516022625445055;-0.022339065609488482;-0.13156962300130215;-0.23862743843541032;-0.1118525479508699;-0.03889680335589989;0.07925489520037562;-0.01702727213383422;-0.06685102000519758;0.06754265806380004
173;-0.08556428350407333;0.07845584762675041;0.013423982365092275;0.20107787524490742;-0.11171769174404807;-0.03060500430060332;0.1475580482163791;-0.26360665622386265;-0.007978053772709938;-0.1201590947506565;-0.015396124115141662;-0.03590571232482877;-0.04662264819078853;0.09704568675281285;0.11610308760973177;0.07631863991801044;0.10078670290227394
174;-0.1143976313020556;0.1892227064983984;0.04131367739669527;0.12492958166007637;-0.17249526681362715;-0.02914132390575746;0.06307295206655449;-0.3428300117756188;0.03685625154192317;-0.02665747064542697;0.15458068677718123;0.0667586441695939;-0.016303864220740483;0.08358231396610216;0.166177272419461;0.13257995148857668;0.08294400678777393
175;-0.07376879274336905;0.22892514199960592;0.028992682009816903;-0.01745064390770735;-0.12792152629045006;0.010064252376356688;-0.03057754148506307;-0.25638513810955343;0.05710778935264861;0.09234444679795362;0.2307120584114325;0.10065606219500763;0.020946517654305736;0.031109600650013728;0.15061965865357285;0.05820654744081958;0.013458197814136761
176;-0.008842469693172815;0.16880447090462475;-0.02117933135577586;-0.1403452430298109;-0.018797055787999048;0.04664039326533948;-0.06635400145888332;-0.0855429722465754;0.0342925107681098;0.1449665901409289;0.2288864402442191;0.05177821606211726;0.03333354014584849;-0.033555029556298854;0.1231119471633387;-0.05585246550954425;-0.05424841607707953
